codigo_empleado,nombre_empleado,apellido_empleado
356-02-0800,Brandy,Tongs
470-82-0130,Cynthea,Kenwell
382-77-0260,Darn,Cabane
354-45-5693,Brandtr,Hedworth
875-76-5362,Vanny,Summons
852-09-5705,Marietta,Docharty
753-21-9052,Lambert,Blazevic
291-45-7131,Terrijo,Harsnep
302-88-4647,Avictor,Gerauld
835-33-9711,Issy,Ganiford
301-82-5549,Jasmina,Jarrard
730-39-9877,Flynn,Duncan
896-88-4866,Amerigo,Baugham
642-95-8482,Deloris,Cains
846-04-6741,Esteban,Oliva
484-36-0377,Barbette,MacRirie
592-46-8700,Kermy,Grevel
875-50-9358,Vin,Silk
125-08-9516,Beulah,Climo
565-31-1707,Hedy,Ferreri
144-51-6498,Wood,Welburn
864-94-8973,Margy,Giraudel
692-31-9685,Serge,Bonnavant
216-62-3339,Berri,Carmont
352-82-3055,Nev,Sawl
145-16-9481,Malinda,Marsay
894-93-6636,Genni,Picknett
452-33-3033,Cookie,Meadmore
605-99-3127,Chevalier,Jeens
604-28-2011,Andrey,De Cruce
166-22-3725,Skylar,Brummitt
169-06-2018,Rancell,Freda
611-29-5859,Marijo,Folger
430-88-1745,Yurik,Linguard
528-51-3187,Susan,Colaco
727-37-1162,Jeromy,Beake
323-60-6262,Ettore,Pods
312-37-7310,Gilemette,Shelp
184-13-5175,Cazzie,Rawlin
324-27-3403,Mariya,Grist
112-60-7390,Kim,Gatlin
618-78-6241,Letitia,Sikorsky
748-66-2690,Tabitha,Beveridge
259-60-0099,Fanya,Wybourne
797-78-4951,Fiona,Wiffen
344-50-3933,Yancey,Ballinghall
521-92-3217,Klara,Bulfoy
769-86-7767,Suki,Cisson
550-53-4346,Colette,Pellatt
716-89-2335,Portie,Beszant
550-37-3835,Kip,Bodham
137-32-7740,Charmine,Morrowe
137-83-5833,Evelin,Deller
247-70-2359,Berke,Maddin
658-34-6642,Haskel,Klimkin
161-95-6715,Melesa,Jeannel
336-18-0706,Miles,Westcott
151-45-3177,Ynez,Devenny
739-12-7206,Hali,Quiddihy
101-98-6733,Nat,Rolfi
634-41-5638,Leland,Pickerill
627-12-7157,Zelig,Spering
537-51-2672,Sybyl,McGlashan
187-13-3934,Ruperto,Rowesby
509-28-8281,Blakelee,Stroband
200-60-4291,Teirtza,Burland
855-94-6160,Zandra,Berzen
741-24-2975,Conan,Bortolutti
202-53-5954,Ethelred,Rowlett
266-47-1562,Napoleon,Bortoletti
625-60-6811,Lorrin,Redfearn
699-69-9561,Laverna,St Angel
170-58-2251,Noelle,Daykin
128-82-4318,Conny,Woollcott
176-90-0220,Jennette,Lys
575-28-1343,Rasia,Legier
641-22-0898,Bevon,Patel
305-05-5683,Pippo,Enriques
138-67-8662,Omar,Sheward
158-99-2207,Alvie,Ganley
401-01-4751,Betsey,Chander
723-76-1504,Rafferty,Gilloran
470-78-4810,Harald,Bosher
709-03-0669,Dannel,Greeveson
807-86-3194,Waylan,Kerner
138-20-6657,Fidelity,Poundesford
185-16-9049,Wernher,Wombwell
372-74-4495,Thornie,Farryann
703-11-9381,Dinny,Bodimeade
619-70-6566,Jarred,Dunne
659-56-2496,Joletta,Thackray
121-20-6549,Desmund,Gadeaux
897-24-6206,Jude,Thomazet
884-18-0458,Helga,Layland
150-53-3192,Gigi,Emlyn
198-23-4905,Benedetto,Regardsoe
687-65-5129,Ophelia,Epdell
123-06-3404,Cornela,Tingle
414-91-6488,Papageno,Bentson
233-70-6659,Valli,Belone
353-11-2039,Annadiane,Kearn
738-66-0886,Edmund,Silmon
487-80-3431,Misha,Heinicke
335-70-3009,Nikolaos,Creighton
598-64-5216,Allen,Hanbridge
209-93-4379,Aila,Pinches
436-99-0805,Brucie,Ziehm
436-46-4833,Rosalie,Polet
762-33-6047,Emmery,Iredell
473-95-6632,Zsa zsa,Guenther
262-49-4748,Jillie,Farquarson
579-90-9013,Wilie,Tarbin
635-84-9474,Faustina,Baskwell
469-40-6190,Jard,Huthart
291-07-0765,Tommi,Bridie
377-31-1816,Perren,Grebner
251-80-6932,Freddy,Jerrolt
253-48-7283,Tatiana,Scholtz
730-47-9685,Clemmie,Carek
665-79-3491,Verene,Whyke
297-89-3360,Gretta,Worge
840-49-5808,Rebe,Grenshiels
343-58-1795,Antone,Caneo
337-41-5184,Bay,Maudson
186-55-7649,Sib,Rogers
535-58-0499,Candida,Whiley
895-41-9832,Isak,Shimon
435-65-7748,Cecilia,Bertram
397-02-2240,Earle,Burnall
864-80-2313,Hinze,Watsam
156-76-0058,Desdemona,Neenan
174-42-6353,Penrod,Vevers
536-44-5679,Perri,Giordano
599-65-4081,Pearline,Raisbeck
839-34-6498,Tasia,Batrim
220-27-3930,Bentlee,Fountain
540-43-0173,Krystalle,Curtois
800-90-9915,Tina,Addekin
633-10-1270,Durante,Weaver
766-20-4243,Shir,Bello
753-41-1979,Adaline,Tearney
572-92-5330,Creight,Bagger
267-58-8723,Essa,Solomonides
747-48-8739,Husein,Grebert
348-91-2892,Chickie,Critch
820-89-1343,Karlotta,McCarry
264-64-8907,Gareth,Rumming
324-46-8269,Gillan,Tugwell
105-89-7779,Gilbertina,Olrenshaw
303-14-1555,Clevie,Forten
351-23-3034,Ronnica,Moughtin
346-63-8518,Christie,Feasey
754-40-0947,Ferne,Buglass
521-02-8707,Nonah,Craigmyle
755-92-6185,Jeffry,Vittori
565-85-6578,Leola,Couth
839-05-6800,Dagmar,Bloxholm
393-90-3034,Junie,Van Der Weedenburg
396-49-5983,Daphna,Stading
138-05-4870,Mab,Shuttleworth
128-23-8088,Gabrielle,Sherwen
199-03-4858,Andrus,Petford
208-64-7562,Samara,Rozalski
427-13-0797,Budd,Elloy
279-95-0905,Susanna,Corington
610-18-1705,Stacey,Sidle
473-01-5359,Ursa,Edinborough
622-25-8653,Joelly,Pedlow
642-37-1178,Nani,Sange
826-62-0053,Hilliard,Leask
813-08-4621,Darla,St. Hill
587-91-1304,Sher,Iacobassi
113-37-2432,Jere,Rowthorne
315-53-3951,Riordan,Peffer
368-59-5754,Noami,Bucke
687-30-6654,Gusta,Antic
713-69-9274,Ced,Stirzaker
371-31-3401,Lyon,Meynell
545-60-4571,Travis,McCole
542-35-6984,Glori,Charrier
758-22-8763,Rufus,Goodbar
591-06-8639,Ive,Vost
357-98-1315,Kleon,Rucklesse
657-29-0441,Deloris,Dignum
399-75-8504,Selina,Hannond
530-49-2970,Wakefield,Meni
250-19-5659,Miles,Pomroy
541-88-4046,Dorolice,L' Anglois
188-29-5021,Carlin,Isakson
234-31-2814,Marven,Faustin
748-43-9417,Willie,Gymblett
839-63-6840,Kimberlyn,Jahn
347-74-2075,Winston,Pothecary
489-16-2651,Piotr,Ladbrooke
716-79-9137,Lelia,Kensley
602-37-7889,Leila,Oakly
163-61-2862,Cointon,Waterfall
323-02-5964,Garvy,Wild
287-06-9424,Brendin,Rafferty
761-43-4084,Rosemaria,Houchin
864-66-7129,Zebadiah,Grushin
804-67-1475,Aurel,Haigh
158-78-4303,Read,Kimpton
354-94-0374,Daisi,Sprowell
599-90-4393,Valeda,Glasspool
249-52-8712,Jeramie,Ausher
599-88-7434,Whit,Skottle
225-93-0184,Jacques,Croizier
490-29-4355,Enrika,Rosiello
692-51-9573,Jane,Sherborne
454-58-4360,Yvonne,Stampfer
559-89-7290,Udall,Sanzio
746-37-7565,Emlyn,Philips
853-35-6760,Mariel,Gerholz
488-15-4499,Tim,Enrrico
524-93-9945,Jocko,Fishbie
712-73-6418,Jeremiah,McCormick
544-83-8338,Gasparo,Gilli
810-86-6799,Laurie,Taynton
323-39-7335,Luciana,Wetherick
778-92-6210,Baudoin,Petraitis
301-32-1190,Nonie,Matysiak
393-52-0642,Rebekah,Gergolet
696-60-3227,Eleonore,McCormack
178-78-7709,Sacha,Abarough
815-13-3269,Joly,Horwell
196-02-9478,Corina,Keel
708-75-4420,Rog,Loomis
280-01-4629,Adria,Gamlen
377-40-1320,Andrea,Russell
487-06-0874,Kingston,Pedlow
732-10-4969,Grethel,McLardie
865-34-1265,Jo,Standish
392-54-6180,Gherardo,Hadwick
634-42-0688,Edithe,Ledwitch
298-22-0818,Malva,Kiellor
548-68-4515,Henrietta,Ferrieres
108-97-0332,Helge,Coatts
120-05-5806,Meagan,Sherville
359-50-3447,Enrico,Elkington
511-71-7508,Alano,Jaqueminet
297-17-3687,Mickie,MacKonochie
150-77-3303,Ree,Blesing
273-50-5953,Gunter,Bonnyson
728-77-1162,Brand,Larrett
185-29-4270,Tommy,Peattie
632-16-1435,Matilda,Dyne
271-94-8857,Timothea,Rowler
684-37-3254,Ron,Bauman
223-02-5994,Shirl,Pouck
429-49-3009,Allx,Laverack
732-85-1184,Trudey,Kienlein
878-88-0436,Sinclair,Seton
861-96-5964,Aprilette,Graser
301-64-2338,Gallagher,Durnell
804-02-7703,Chance,Seefus
149-41-6976,Cassandry,Grassick
507-36-0301,Jamey,Abramow
446-04-8696,Archy,Hubball
380-31-4872,Nicolea,Hampson
179-71-3226,Mel,Shayler
364-25-7225,Bidget,Scoggans
698-46-8285,Aubine,Mackinder
670-04-4925,Tawnya,Lomath
283-47-2656,Lora,Brabyn
290-41-8512,Juliette,Harnor
116-05-0665,Esteban,Boddington
484-09-6120,Mahalia,Laban
738-69-0809,Avivah,Luffman
556-94-4699,Joellen,Scola
315-99-8611,Rodrique,Cremins
765-10-7308,Bernie,Woodruff
180-32-6538,Joachim,Duckett
844-82-7682,Jedidiah,Dalwood
734-98-6365,Tull,Voff
114-98-5483,Phyllis,Moles
846-57-0318,Gal,Damiata
214-81-0232,Imojean,Moffet
378-50-8974,Padraic,Gilphillan
242-72-6146,Caralie,Adami
752-15-4036,Carney,Craighall
603-87-2964,Garrard,Lickorish
145-14-4723,Kassandra,Keneforde
803-78-1987,Tine,Toke
422-62-8973,Svend,Pursehouse
293-76-8928,Garrott,Edgell
482-46-3767,Elvera,Soot
237-71-5566,Kessiah,Clemson
702-89-6563,Hamil,Kryszka
187-18-1461,Querida,Pagett
356-09-2496,Colet,Dahlman
209-64-8132,Mathias,Mc Mechan
264-36-8804,Bili,Bruckman
206-63-6865,Ranique,Ferrillo
834-02-4197,Maren,Tee
599-82-6608,Inness,Binfield
264-60-8766,Rabbi,Walaron
357-93-5351,Meara,MacSween
462-06-9907,Lewie,Leishman
203-38-8581,Leonanie,Shillito
652-91-3104,Randene,Bann
474-06-5167,Galina,Dunhill
314-99-5958,Kevyn,Kohrs
300-86-8075,Rennie,Meardon
776-56-3297,Moreen,Sandiford
209-81-7211,Kerk,Scourfield
299-09-6520,Niki,Maudling
141-76-4171,Heinrick,Juszkiewicz
588-93-5207,Diann,Masserel
833-89-3623,Hilary,Bedward
225-65-3121,Gerrie,Lutwyche
637-66-6966,Terrel,Challinor
585-62-3275,Kenon,Douthwaite
216-83-7742,Theo,Goodere
609-54-2587,Barnabas,Gland
442-25-7270,Winnah,Normandale
210-90-6555,Chip,Coursor
890-73-4164,Hugibert,Acutt
223-85-7675,Tad,Scougall
378-82-5453,Karylin,Philp
872-13-1521,Kamila,Meneo
816-06-8687,Selma,Lundon
265-66-9569,Celinka,Finby
406-42-3205,Viviene,Dyne
562-92-9657,Worthington,Mauchline
226-77-5064,Tandi,Innis
152-86-8363,Hollyanne,Riddell
259-64-9095,Maurits,Biddlecombe
620-63-3301,Cahra,Lusher
593-12-5548,Tammara,Menpes
154-57-9753,Kimberley,Van de Vlies
332-58-9919,Romola,Puleston
153-84-1838,Gunner,Mance
675-78-8544,Beatrice,Koomar
774-79-8520,Brita,Terrans
730-61-6256,Devan,Hawler
456-65-1124,Sylvester,Jervois
563-47-4358,Drake,Barkhouse
231-76-2474,Artur,Tasseler
514-73-0578,Filberto,Orrah
456-15-9713,Davidde,Colum
419-61-2533,Malissa,Wilkin
224-81-4282,Miriam,Hourahan
799-36-3573,Gloriane,McGilmartin
254-80-1463,Willa,Tiffney
674-61-8258,Burgess,Boyet
711-09-8185,Kendra,Joriot
781-86-3269,Cello,Bradford
239-33-2048,Conchita,Romi
333-84-7754,Hannah,Nettleship
525-97-1512,Alethea,Kornousek
662-01-8268,Brandy,Laxon
275-12-3895,Vale,Cansdall
518-18-0855,Doralia,Javes
611-82-0975,Carilyn,Trotter
496-36-7116,Daffy,Grzeskowski
175-10-2350,Cassey,Finn
491-53-8935,Morgan,Hulson
521-14-9466,Marlo,Klaiser
504-41-0953,Elly,Shillabear
386-43-1483,Kassie,Clemensen
586-90-6086,Sax,Grishankov
180-11-6848,Tandie,Shefton
887-39-5119,Brittan,McNicol
519-92-8942,Shep,Tebbett
450-07-9075,Thoma,Pope
647-62-5544,Patrizia,Klimko
736-24-4426,Auberta,Rikel
572-51-3066,Burtie,Strephan
827-64-8913,Joya,Radin
657-17-0420,Elna,Carstairs
667-24-7282,Marissa,Hesbrook
168-31-1561,Carlos,Quarrington
332-10-6463,Avrom,Hanretty
249-70-6340,Obadias,Potkins
636-79-5560,Ray,Harridge
649-08-6496,Hi,Devinn
110-30-2559,Roxanne,Hailwood
848-34-4385,Kevin,Pelerin
781-77-1769,Margaux,Pottage
860-31-6446,Albert,MacGettigen
236-47-4318,Ira,Pervoe
157-31-9781,Neel,Whinney
454-26-9259,Marianna,Duke
379-06-9343,Audrye,Lowrey
345-91-3291,Paddie,McAneny
800-72-3490,Violante,Brooksbank
130-05-8678,Terrance,Belch
741-56-4107,Sasha,Hassall
377-73-8413,Ricoriki,Surmeyers
860-07-5105,Marillin,Januszkiewicz
547-20-1696,Yoko,Crose
792-42-5483,Junina,Costelloe
185-46-3227,Kaspar,Hooban
222-15-7631,Hoebart,Drain
240-30-5530,Kamila,Clarricoates
340-08-0311,Christi,Juanes
651-48-3160,Nate,Pietraszek
467-11-4161,Jerrine,Bosomworth
477-74-7401,Diarmid,Elesander
139-22-8273,Chic,Standish-Brooks
277-93-2279,Elinore,Gribbell
111-57-2673,Philippa,Steutly
510-59-7262,Margarete,Waszczyk
771-32-4518,Meryl,Duchateau
264-44-2683,Arlette,Klouz
866-87-7839,Skipp,Abrashkin
390-98-1954,Louisette,Mithon
478-68-5522,Jillie,Fattore
449-41-4868,Dolley,Krolak
293-48-7227,Trude,Silburn
184-16-4387,Harlie,Desport
397-90-1479,Aura,Amdohr
103-50-6016,Hernando,Rosenhaupt
869-57-2845,Derril,Eagle
503-67-3312,Aurelia,Reinger
643-06-7393,Ringo,McArt
491-07-6645,Raff,Tams
187-98-4266,Carey,Arnet
221-06-2049,Shelden,O'Geneay
589-41-9029,Brianna,Ecob
322-02-5241,Kelwin,Wanley
426-78-4446,Darren,Jinkinson
533-95-9914,Braden,Gouck
186-83-8342,Sayers,Frankish
444-68-2849,Reece,Espley
434-74-0549,Jonie,Blinkhorn
181-78-6644,Bary,Kyndred
516-88-0308,Nicol,Colquhoun
664-13-5978,Betta,Pollendine
400-48-8046,Daveen,Bark
717-62-0240,Helga,Yesenev
203-14-9753,Trixie,Bothie
705-02-2579,Burnard,Cordelette
249-57-4099,Giorgi,Schlagh
434-72-1765,Annmaria,Tomadoni
708-62-0278,Frans,Huton
757-36-6775,Josiah,Veljes
741-01-5558,Kristel,Orht
141-79-2577,Shermie,Esler
160-29-9108,Savina,Shelton
142-68-4080,Laure,McMillan
145-71-3634,Rolfe,Sworn
510-03-3689,Edita,Casebourne
226-76-3817,Tildy,Espada
661-17-0380,Loria,Bellord
501-18-2738,Lars,Churly
648-53-6202,Stanfield,Edger
357-28-7327,Eugen,Feaviour
634-76-2158,Nalani,Sadler
254-95-4285,Irwinn,Kayne
619-75-0112,Nerty,Bunch
438-66-0126,Welch,Feavyour
569-66-8548,Gradey,Kocher
408-95-6792,Ronnie,Pieper
680-36-2303,Arie,Rogier
845-77-7271,Pandora,Grewar
508-45-7673,Nelly,Jonin
667-01-6206,Tye,Caiger
848-75-5917,Muriel,O'Donegan
117-16-7753,Kevan,Murrhaupt
377-25-3653,Tomaso,Rogers
669-27-7147,Brandyn,Tussaine
501-08-0684,Moore,Hetterich
103-03-4177,Lorene,Bellworthy
512-22-7175,Cathi,Casewell
305-22-4664,Patrice,Reboulet
229-28-5037,Blithe,Malacrida
471-14-2971,Bridget,Warmington
474-47-7546,Shane,Spini
345-94-3839,Ingrim,D'eye
234-83-3960,Mignon,Shipway
200-10-5076,Priscella,Raybould
762-98-5890,Jorry,Clements
762-52-9158,Lila,Suggett
806-36-3358,Maude,Farlane
460-84-4683,Robin,Ottey
551-03-9366,Aldus,Reede
623-75-9553,Jami,Whyberd
500-39-6886,Gun,Baly
121-44-6079,Dan,Robberts
667-75-7576,Mortie,Franseco
313-08-6621,Blondell,Farrears
370-66-7240,Hana,Menloe
433-60-6126,Halley,Isbell
385-16-8783,Christiane,Elecum
172-65-2771,Edvard,OIlier
375-29-9249,Pepillo,Boissieux
296-91-3004,Haley,Behling
601-06-5495,Friedrich,Foxley
262-83-3083,Marie,Plover
535-58-9547,Homer,Reiner
814-15-3378,Nerty,de Quesne
641-10-6680,Georgetta,Fahrenbacher
801-09-6815,Henrieta,Cardo
115-56-6587,Georgetta,Gailor
191-76-7421,Krisha,Bole
891-28-9140,Frannie,Noseworthy
521-43-9075,Bonnee,Grishankov
267-90-2130,Gilburt,Kneath
890-16-0574,Gypsy,Yukhin
516-16-2546,Nariko,Rose
505-74-6633,Tamar,Georgi
896-25-7951,Hedvig,Thompson
869-79-8226,Corny,Ewells
147-93-0803,Dario,Burdett
370-94-4180,Emily,Kupker
665-96-5821,Becki,Thurley
425-75-9884,Kasey,Gallichiccio
450-84-9054,Nari,Dudlestone
848-51-9087,Law,Coyte
356-92-3429,Morley,Eastup
191-07-5224,Boigie,Eyree
877-84-0545,Anestassia,Forsaith
211-68-3624,Selby,Acreman
480-29-3076,Ashlen,Kosiada
459-42-6898,Edgard,Roma
485-70-1919,Hetti,Mitchley
341-33-3160,Nina,Warsap
375-23-0522,Yurik,Tokell
683-78-7185,Joellyn,Meffen
511-83-7910,Chad,Veness
719-71-6294,Bette,Franca
808-18-7128,Wood,Robertsson
251-32-8363,Coletta,Dalliston
125-52-4468,Eberhard,MacConnell
334-36-5357,Westbrook,Honsch
279-09-9075,Garth,Jacobi
341-92-1680,Evaleen,Gronaller
489-06-5370,Gregory,Cranshaw
168-48-3796,Andi,Wincott
234-29-0550,Estella,Brain
622-65-8140,Tobe,Olivelli
882-85-7706,Phip,Slarke
875-13-2077,Annelise,Killingsworth
460-48-9385,Mahalia,Normansell
515-89-6248,Miof mela,Eade
651-93-3841,Cinnamon,Clitheroe
556-41-2355,Kai,Shadrach
670-33-7161,Madelina,Coxen
592-94-6861,Maressa,Mayworth
594-63-0235,Susie,Sabine
652-45-0239,Hanny,Knighton
119-68-2037,Austina,Pickrell
870-07-5833,Germain,Bursnall
261-33-5179,Dani,Andrassy
361-89-4033,Jarid,Semarke
378-06-2674,Audra,Farahar
640-34-4005,Jerrine,Pagnin
672-57-7965,Vina,Pilger
618-70-5242,Bree,Bicknell
539-78-0867,Clare,Ouver
649-74-1333,Richardo,Keep
481-74-8432,Addy,Cuttle
159-15-6989,Merna,Hoyt
325-02-6100,Aeriell,Blyth
761-68-6834,Sim,Salamon
803-76-2443,Cathy,Pobjay
342-41-0712,Susanna,Gadaud
570-41-5158,Abel,Haycroft
534-32-3555,Bertina,Freshwater
408-63-4338,Barbara,McIlvaney
856-41-4200,Marillin,Di Pietro
579-06-7861,Maurita,Preist
330-77-6954,Orsola,Strickland
754-45-2615,Cecile,Pote
849-67-6816,Gottfried,Slixby
278-88-0914,Kristi,Bridel
898-92-0645,Haleigh,Pinnijar
877-84-3892,Terencio,Alphonso
180-17-7538,Barbi,Fouracre
496-36-4208,Cal,Tyrer
853-76-5061,Niels,O' Liddy
657-61-0685,Clara,Bulleyn
458-05-4037,Rozamond,Hanbidge
501-92-7773,Lauren,Jakucewicz
150-26-8196,Molly,Meffen
804-26-7286,Baillie,Fetherby
112-10-3055,Hillard,Philcott
734-85-0548,Hersh,Kellick
848-64-3006,Letisha,Gores
733-89-9099,Ariadne,Hanwell
385-02-3159,Meagan,Hartshorne
767-41-7526,Bertrand,Antonsen
823-94-2938,Jasun,Bonnin
102-48-3910,Clarette,Gritsaev
474-64-5822,Morie,Straun
859-04-7131,Van,Dreakin
591-19-6140,Tan,Wickham
196-30-6688,Homere,Bloggett
823-41-7301,Robbyn,Luten
433-39-5850,Reidar,Huntall
474-65-3009,Kory,Thunder
199-08-9467,Meredith,Dominick
728-23-3471,Buck,Simonite
733-31-1534,Chuck,Derill
597-74-0549,Lyndy,Izaac
458-33-9858,Karmen,Dressell
431-80-5638,Kris,Gedling
134-55-3027,Sammy,Hasell
336-39-2889,Nadean,Pizer
305-35-6495,Hercules,Neasam
349-99-1557,Maurene,Chezier
850-78-3343,Michaella,Haywood
884-81-2680,Arden,Durtnal
573-18-5037,Liza,Ledeker
734-90-5148,Odell,Duggan
845-63-4536,Alyss,Andriulis
237-06-5346,Misha,Drinkel
660-10-8535,Regen,Duffield
443-47-5268,Logan,Crole
897-41-8475,Randy,Moxted
801-53-7536,Kanya,Spargo
328-06-1143,Bernie,Stovold
185-26-4248,Pattin,Tomkinson
562-18-6683,Wilton,Pretsell
506-22-6048,Cathryn,Perritt
669-94-8532,Gweneth,Bertot
267-65-7596,Vito,Lamonby
359-37-6310,Dani,Killby
651-27-4047,Marcus,Hulstrom
304-45-3801,Evangeline,Jozwiak
443-12-5528,Skye,Issard
438-87-5611,Mellisa,Challicum
368-28-2892,Valaree,Devigne
254-78-5872,Byrle,Tanton
562-89-1230,Almeda,Szymczyk
123-97-2446,Joey,Lodder
232-34-0318,Atalanta,Bewlay
175-45-6229,Fernando,Nern
232-03-0412,Nettle,Vaughten
885-49-7231,Shurwood,Grindrod
446-81-4510,Waite,Stanhope
352-36-3987,Mandel,Annable
894-11-6714,Fancie,Presnell
346-56-1025,Roda,Tosh
415-55-8857,Cory,Cadden
447-98-4256,Elsbeth,Du Fray
673-33-4811,Fredrick,Forward
871-02-8523,Chrystel,De Wolfe
353-89-8202,Gerti,McIlveen
570-19-3291,Betteann,Rolstone
690-30-5780,Jaquelyn,Batcock
775-57-8990,Audy,Hallum
823-15-3112,Amelita,Atkinson
715-17-0297,Kaylee,Snoding
203-22-2902,Devan,Leechman
588-64-3191,Imojean,Cail
371-64-5486,Rudolf,Mangham
348-51-4689,Briana,Klich
778-78-7866,Briny,Griffitts
225-88-8396,Kenneth,Bicker
791-19-1620,Lotty,Farrear
701-71-6996,Philis,Frake
162-41-2922,Missie,Hopfner
812-58-3466,Analiese,Chessun
194-18-4264,Anatollo,Seaton
643-49-2784,Ossie,Goodoune
286-77-4018,Dela,Pryce
262-25-4613,Aurie,Mallon
339-03-6033,Roderick,Robet
779-89-9972,Pauli,Musgrave
216-54-4644,Florri,Madgett
145-29-4002,Consuela,Redsall
285-40-4935,Celestyn,Presser
636-80-6121,Shirlee,Tivolier
600-02-4683,Aurlie,Scoullar
544-61-0956,Teodoro,Wherrett
574-58-2473,Kirbee,Blackly
193-63-1958,Stinky,Puleston
391-65-7656,Lucina,Dunklee
862-82-1177,Yank,Dunaway
433-30-5803,Ewen,Strewthers
876-74-9120,Prudence,Farden
523-47-3378,Hy,Vogeler
854-87-5159,Hermon,Tertre
707-15-8921,Kassey,Harvett
582-82-5296,Max,Hirsch
683-98-1133,Cross,Charlwood
134-81-2843,Correy,Kolyagin
622-57-3553,Gert,Melmore
748-13-3059,Shirline,Matthius
692-91-8518,Kimberley,Swift
552-33-5792,Clio,Maysor
690-80-1756,Salomone,Nevitt
671-31-7071,Diarmid,Jozwik
106-41-8048,Tomlin,Skaid
114-33-8671,Con,Ladyman
274-48-2731,Kenn,Simonds
867-68-9181,Perri,Jeanin
339-54-4092,Dalton,O'Cannovane
676-91-3273,Kristyn,Cantle
535-55-3128,Kippie,Wixey
120-20-2312,Susan,Stickells
389-35-2822,Granger,Boeter
260-71-1446,Axe,Bottini
243-95-3740,Prissie,Custy
771-59-8720,Nathan,Saffell
332-24-7912,Doll,Crucetti
496-32-8316,Nance,Pohls
392-19-4163,Del,Widdowfield
710-08-5447,Meaghan,Cornillot
636-20-1489,Kathe,Simoneton
290-57-6554,Rozanne,Tattersill
271-94-7869,Conrad,Abramamovh
502-09-7831,Julita,Mulqueeny
697-38-0777,Shena,Kindon
390-61-9728,Gradey,Terrazzo
555-73-3903,Sam,Harford
662-72-4051,Chester,Trimnell
107-05-7560,Hewitt,Corder
546-30-2748,Lizabeth,Crannage
830-04-3924,Rosalind,Nertney
821-16-9370,Yvon,Stockau
148-65-3782,Grant,Tampin
128-70-1550,Janelle,Muscat
430-57-5774,Tawnya,Lindwall
280-72-5731,Evelyn,Dener
447-72-7506,Brander,Spincke
764-80-0668,Arne,Buttwell
879-35-5280,Pablo,Goakes
599-93-0236,Far,Tackell
703-57-6621,Georgie,Sayre
484-23-4626,Silva,Bachanski
482-96-0525,Birch,Willmett
335-09-0730,Verna,Junkinson
604-67-2072,Sibella,Ubsdall
542-95-9958,Tessi,Loude
481-69-5100,Willey,Bartomieu
840-82-9119,Michaeline,Louiset
549-43-4767,Ronnie,Van der Kruijs
350-74-2279,Ingram,Donne
523-31-6695,Jillene,Nolleth
726-61-5099,Karel,Humbie
877-33-9920,Jodi,Swanborrow
356-30-9577,Graeme,Trippett
101-53-3926,Trevor,Willmont
859-35-7306,Torey,Caughte
303-08-6839,Fabe,Laurenz
553-61-9756,King,Tetford
511-67-0646,Tyson,Dome
381-82-6093,Kayley,Crosson
407-28-3579,Shana,Brislawn
169-33-6686,Serena,Pinkney
388-09-1589,Goldi,Yurtsev
164-36-4405,Adams,Cardno
431-52-6854,Cooper,Borge
264-08-7451,Harlan,Dimbleby
544-11-3536,Jeanne,Borel
384-36-2262,Mela,Wardlaw
277-20-5174,Calli,Flather
339-88-7112,Pieter,Goldsberry
438-26-4646,Ellsworth,Duffer
455-85-4842,Celestia,Matiebe
426-04-8295,Caroline,Smeal
260-13-0663,Debbie,Heinz
179-26-6336,Maggie,Giovannini
248-53-2979,Arvin,Stonhard
537-67-7615,Berty,Dobey
695-36-2909,Dom,O'Kane
428-89-8223,Leeland,Rheam
419-28-8711,Dewey,Rofe
580-52-7037,Tine,Barfitt
363-27-2414,Alon,Roycroft
730-84-8783,Regine,Genty
377-43-5792,Sybyl,Petford
654-15-7861,Birgit,Mantrip
298-81-3608,Harman,Kubu
837-51-9739,Marybeth,Etuck
567-34-1634,Darnell,Gillitt
735-93-1979,Thia,Waud
569-38-3460,Trace,Moehle
765-31-8906,Helyn,McKinlay
617-90-0561,Vin,Vick
821-91-0251,Granthem,Piccard
610-04-2546,Brady,Sandall
627-19-1729,Thaxter,Galsworthy
378-83-9308,Kerstin,Deverill
356-99-2882,Andrea,Farnhill
483-13-9321,Brier,Adamovsky
362-57-6856,Leena,Kemsley
149-76-4925,Johnnie,McGhie
793-86-2003,Griffy,Satyford
397-38-1417,Griffith,Deakins
238-90-3835,Kessiah,Careswell
711-98-0232,Alberto,Commuzzo
542-23-0082,Lincoln,Olliff
885-62-3479,Melesa,McCurrie
317-99-7114,Heidie,Gilbody
408-55-1961,Phillis,Ruppeli
628-41-6219,Petr,Allix
289-89-7042,Lucius,Pideon
224-61-7736,Felice,Jandl
533-66-6994,Josepha,Waldera
500-10-6546,Jeremias,Harkes
547-73-1575,Genovera,Bruckman
341-73-0483,Gilda,Lalonde
690-69-3224,Bernardina,Machen
254-85-8993,Rorke,Hise
144-22-8089,Jimmy,Harker
842-65-6701,Carin,Handrok
879-45-3391,Babita,Crimpe
249-61-7526,Bendix,Mcmanaman
288-29-4483,Aura,Deas
774-04-3197,Keri,Tidmas
436-66-6933,Griff,Immer
404-70-0200,Stoddard,Farnall
551-98-2940,Hillel,Lidden
255-04-6072,Beatrice,Tivolier
521-83-8103,Ado,Pressey
372-99-3272,Jacqueline,Claxson
398-05-3496,Quinton,Penny
194-60-1264,Jojo,Essery
158-71-1541,Neely,Dellenbrook
499-01-3602,Nick,Vero
292-72-4595,Danita,Bewly
559-43-8810,Glynnis,Jenton
494-60-2455,Rickie,Sandells
643-52-0580,Cristabel,Macoun
871-09-0089,Sibyl,Schimke
891-41-3605,Anastasie,Ratley
506-10-4787,Davie,Whale
343-07-0588,Raeann,Wolland
243-28-8582,Will,Hubbuck
437-83-0098,Griselda,Aimeric
673-88-4385,Fax,Guilliland
634-59-0682,Tanney,Bramhall
143-99-6050,Perceval,Reed
374-13-5510,Annis,Chretien
328-07-4639,Dena,Sands
198-75-7045,Maurine,Moraleda
813-98-8209,Willdon,Lempke
527-54-0003,Tracie,Kirman
391-27-5266,Andree,Sandom
637-54-5150,Toddie,Treversh
294-34-7259,Fanchette,Caddies
291-96-1458,Mattie,O'Corren
813-83-2963,Ardine,Strugnell
429-65-5271,Georgine,Sapwell
659-10-8793,Easter,Pollak
407-21-7330,Bobbie,Jodrelle
437-28-2281,Gerard,Calverd
765-07-9981,Tessi,Quixley
759-71-8511,Weider,Fussell
499-05-4202,Prinz,Ashbolt
421-33-0001,Gregor,Spadari
198-02-0862,Robinet,Swadon
590-50-0095,Reece,Heintzsch
807-23-5337,Gaultiero,Milne
512-80-3983,Dex,Darkins
326-90-6953,Gherardo,Spivie
824-40-4629,Estella,Huskinson
284-44-0252,Pippy,Gittis
568-86-8908,Dorthy,Backe
351-34-3768,Nicko,Tirone
768-52-1891,Rena,McKennan
259-60-4000,Andris,Goolden
823-05-1860,Pippo,Showt
776-05-9652,Dorris,Conner
707-64-8767,Roy,Dyet
465-74-7253,Barton,Dyster
784-70-2823,Ricky,Lynnett
664-04-9554,Titos,Frede
745-18-7730,Saundra,Noyes
586-33-4283,Kylynn,Oglethorpe
302-39-7262,Galvin,Bosward
148-19-1345,Shellysheldon,Bottoms
594-98-2601,Tammy,Bartholat
332-50-4553,Hamnet,Oddboy
149-77-6106,Tanner,Glasman
226-16-9237,Conroy,Hearnes
245-73-9493,Lindsey,Uglow
489-93-8482,Che,Motto
878-79-4146,Rafaellle,Kesterton
257-91-4456,Emogene,Woodman
295-77-1273,Lennard,Realff
554-48-4163,Mia,Mattis
839-57-1866,Ashlie,Pinwill
739-63-6459,Tessie,Paradise
281-54-3298,Antonella,Titterrell
143-35-0217,Quintana,Arundel
176-13-0808,Rani,Shotter
553-07-9844,Gwynne,Gribbell
790-87-0803,Valida,Wey
421-61-6513,Giorgi,Hengoed
736-60-4041,Gasparo,Ciardo
462-47-0121,Thorsten,Godden
233-86-5237,Ula,Seadon
126-11-5927,Mattheus,Jordan
734-38-4411,Yettie,De la Perrelle
266-85-3209,Paige,Kinforth
367-72-3194,Wenda,Oles
477-71-1848,Tobie,Childers
146-13-9290,Opal,Thomton
272-01-3987,Clerissa,Alders
826-60-2662,Fallon,Enion
556-47-4876,Olenka,Coker
568-59-4869,Dael,O'Gaven
839-74-3550,Kassia,Mateiko
797-90-0905,Jere,Vanyutin
359-56-4046,Cati,Ramberg
796-69-7315,Norrie,Folds
756-16-6787,Martin,Wilkowski
769-19-8351,Tremaine,Blackater
411-42-9172,Nicolais,Francescone
676-23-0617,Evangelin,Lathan
232-46-7222,Tani,Betonia
764-82-9036,Ardis,Heckle
606-71-2832,Benjy,Stobart
470-50-9096,Terencio,Artis
220-89-1941,Fredi,Coo
848-80-2361,Claudelle,Royle
479-80-4051,Jarib,Oland
478-86-1113,Kendal,Paxforde
291-88-6315,Barbee,McTaggart
489-21-3474,Tarrance,Commuzzo
684-49-0712,Fred,Lambrick
372-18-4489,Westbrooke,McConnachie
669-20-1531,Otha,Jonke
788-41-2541,Tabbatha,Clee
318-73-4595,Aarika,Tunkin
795-56-5682,Collette,Chapleo
162-48-8833,Harley,Togher
483-70-5132,Bobinette,Moffat
774-04-1964,Brinna,Gallamore
605-82-6121,Pamela,McKechnie
231-42-7649,Lucio,Smelley
133-01-4464,Ber,Gainsbury
278-51-4262,Delano,Mumbeson
825-68-6598,Northrup,Sawood
583-30-3323,Graham,Goodban
331-81-3753,Elka,Defont
741-95-6059,Nariko,Dendon
512-71-8023,Bobine,Beiderbeck
131-55-2477,Katya,Ganiclef
824-69-7280,Rachel,Wilderspoon
633-86-3014,Adelaide,Tapley
261-15-8536,Garek,Stern
510-51-5949,Lawry,Stowgill
347-48-8680,Clarie,Yanuk
171-69-6887,Iona,Gainsboro
797-61-4204,Hartwell,Filippello
400-33-9766,Ruby,De Bell
813-17-7569,Alanah,Durtnal
407-88-7486,Dyane,Greenstead
713-35-9288,Vonny,Edards
512-80-1036,Ade,Kettles
405-10-1675,Annmarie,Bibbie
536-57-3704,Meier,Musprat
569-90-6443,Isis,Duggleby
656-15-5611,Shoshanna,Fay
107-17-3479,Margie,Grieves
478-23-0124,Paolo,Ingreda
658-42-2074,Laurie,Merner
124-62-3257,Hana,Theunissen
600-82-4942,Wileen,Harding
615-20-4209,Schuyler,Seagrove
722-34-6229,Rowney,Ivankin
674-94-0062,Calida,Stammers
540-64-3341,Flori,Jaxon
276-11-6938,Drusi,Paddemore
404-61-0225,Goran,Trevear
808-11-7422,Seward,Karpe
730-65-5071,Michelina,Melhuish
276-78-8886,Leigha,Meffen
378-17-6039,Gabrila,Whitehair
825-75-6416,Arnuad,Ixer
453-60-7441,Zilvia,Strangwood
845-37-2401,Alidia,Seivwright
210-19-3657,Redford,Chennells
707-30-8130,Harbert,Dunsmuir
287-61-5189,Milly,Purkins
645-13-4160,Deana,Ronayne
185-03-5886,Guilbert,Grichukhanov
507-62-9853,Wilma,Aldridge
157-22-5695,Adda,Willes
825-08-4276,Derby,O'Drought
107-34-9551,Dore,Summerlie
546-66-2172,Monica,Vassall
245-41-5413,Benoite,Graeme
742-72-7523,Agnes,Gabbetis
459-46-4347,Nels,Billington
749-44-4066,Guthry,Rudram
718-10-4536,Niki,Laurand
713-59-4452,Burty,Dunks
173-72-2315,Darcey,Hardware
464-99-5115,Wandie,Aupol
147-07-2722,Anetta,Lowless
543-02-5967,Kingston,Loseke
758-65-4653,Sigmund,Whelpton
179-37-7687,Auberta,Dumbreck
713-80-4614,Becca,Banck
651-25-6588,Freemon,Goodings
474-41-8421,Leigh,Paiton
827-02-5235,Dickie,Allso
615-02-1186,Martelle,Meckiff
187-02-3482,Nyssa,Elverstone
711-07-5404,Vivyanne,Naisey
175-89-0422,Bud,McGraffin
377-58-9860,Cyndie,Ruberry
