nombre_objeto,precio,foto_objeto,descripcion
Cheese - Montery Jack,76,"data:image/png;base64,iVBORw0KGgoAAAANSUhEUgAAABAAAAAQCAYAAAAf8/9hAAAABGdBTUEAAK/INwWK6QAAABl0RVh0U29mdHdhcmUAQWRvYmUgSW1hZ2VSZWFkeXHJZTwAAALwSURBVDjLhZJJTBNhFIDfTKcdumGtBYqtbSgQkE0DaggqiyhBPchBjWLiEuPBaAyHetEEE6NouOjFE5407gESExKNVlyCCYsLRkNYQrqwWVRKO22n//zz/w4kEgKi3+29/39fXt57DKUU/pDTMmqoNKlbrWbNZqtOtQphimficiwQTIx4voQOeJs3eGEJ7OJg8JRL8ATiN0DPTW906tnNGQbNW2/sxcu+maOygH3wF7jFQWbzIGPkmd1ZRs56vn38bnGGfoMYQiIRcDBwexP9r4DE8fHLdc7TF+75boV/Jh5VZBnuGnnWTJP43LwrwyeSdVy2jCkCTJXWiSYSwuMLgoyLX7P3V6S4p8JSeHZKfEATcmytljNpOdYAhCShKI2n2NTFzjVqA5EA3nWH2n9Noc8LArOOdVc4dDnTYSy46x1PkxhGnWvlzd2DrEHyhYYtW3R2Dqh+YCQ66kznXT8m4t8oJjc5Z8NnjiD58PWTrvqWzuCb3s7vt5UHRGViazyXc4lngFelGvcUZunrfH7x69BAxJ1q0jzjKOgCD4sRqwwob1912vlfAo73vJxyTzwuezDZtq2VSPj5hxFhjKOMsbDEfM1AjpLc9P0FFMl6BhPQ8kz6/BrPHrR356fwhbNRrNtbk3Z1LplS6ykpr7bd2ZlnKoqI4LStVptEJIh2y3qoqjrSShSBhoXkub/M4kNaTMP9ckqIJCNCVAhjsJkzoci+DXq8r6B/rBfGP3V0TP6IHuNgBZQxwK78YyqZEpCJDAQoTMwGoNC+FQQUh9D6sj3wuiN1RYGIEcwV+34Og0SwIpRAkiUIJyKwcd12EKQYEyqt7l8mSDv0sYQSWllTIwKWMaQlO5RieV42OesHs8EKHwNd0D3sx8G+tjPLZlDbPBrWqMHIaXeBiCRAJKF0kyCZlny21FUDff730DXkAxd5AgRzaMUhLqXgCju9ybHD8nrI8wERKJtoUk76X1tYiquRmZaJyhInsjrYRPGf/G9oAXqKbs089gAAAABJRU5ErkJggg==","Donec vitae nisi. Nam ultrices, libero non mattis pulvinar, nulla pede ullamcorper augue, a suscipit nulla elit ac nulla. Sed vel enim sit amet nunc viverra dapibus. Nulla suscipit ligula in lacus."
Tuna - Salad Premix,11,"data:image/png;base64,iVBORw0KGgoAAAANSUhEUgAAABAAAAAQCAYAAAAf8/9hAAAABGdBTUEAAK/INwWK6QAAABl0RVh0U29mdHdhcmUAQWRvYmUgSW1hZ2VSZWFkeXHJZTwAAAJpSURBVDjLpZNNSJRhEMd/z7vr9m7t2oopZl/UoVWpQ0RC0EFL6FAQ4a0OXbrVLaJDEdStjhEUFQVBHaIuSocIomtWJvYFRhb51eqaH7vu7vu8zzvTQbENvDkwDAzMj+E//zGqymrCY5URBxh6vm/Ar21rM6aapwSF7yORm90PBP9NGQAWskc/ujiAUa9ly4EHNcYY0MVhjMFV8jtyA1dGdKkLEEvUqkbhZHHi1XngSRwApxXErgl+3yKyMfBqMSaN33yI5vZrCVQBARVAMV6q6VvPgcv/AKHxVCyRTaCiSPkX4UKO4uRravyNoCGIRdUBjnTLhQQq25Y1wKgvrowtgdoFwsI86ZZT+PWtgKGU72du5CWNbWeJJVKYeAYiL/4PEHrEk41kWk8vraoogtgxwj8vmP7+gVTzEfKDl0jXCf7mixAoVQBVjSpIaRCN5tCogLpZJJxh/vcwaxu7qN24h+Evj0nEF/A1gLDaBwGq4pBwCrFTiM0hNoctjjE7kSO9IUM030PDrtPMTIRIFCwfdhFgVQ0R6v6gbhoN86ibZnZ0jPrsCaj00/fwEalMmULeY378E7gqgFqZcaXpubCYEFdK44IGivkk4u0kXVdCgh+gQlR8y/aOc4y960Ws2GUNtBJcH759vB2lC0MaYwjq6hJbO896UnqDSpm93VnEjuOvGyKz7SBTE/e/Lh5whWfqv9NxZkPrsZtNO5NExT5ULe+ffWVvdysmth6Sh3l379KkinSuCOi7sX9098lHm2LeT9TNUOVkwCOWzJL7PMBQ79Wn8ZU+zAXW77/bXVZRVKQqdbkigqo2/QXSf1oX6zFeUgAAAABJRU5ErkJggg==","Nulla neque libero, convallis eget, eleifend luctus, ultricies eu, nibh. Quisque id justo sit amet sapien dignissim vestibulum. Vestibulum ante ipsum primis in faucibus orci luctus et ultrices posuere cubilia Curae; Nulla dapibus dolor vel est."
Dates,38,"data:image/png;base64,iVBORw0KGgoAAAANSUhEUgAAABAAAAAQCAYAAAAf8/9hAAAABGdBTUEAAK/INwWK6QAAABl0RVh0U29mdHdhcmUAQWRvYmUgSW1hZ2VSZWFkeXHJZTwAAAI3SURBVDjLfZM7aFRBGIW/mXt3swmuaMjGBwqCBlQsRPCB2GknCIpgJSKKkNZGxM7CQrSw0Ngp2vsoLBS0srERUSMiKkFRYkLMO7t778x/LO7VxFdOMWc4//xn5j8wThL/wqnz9w6BrgIrhQNBuSzEQMp/odtnjm7t6m00cC5FQG4OK2rEkHHuyuP+/xpIdDV6GvRfvsWGvr5feuIdn96+4sLpfkxikReA9yl969exZecuEp/gkwreeyqJxwzMFjEwCQM6OmrUOpfAH1kJEU2k7x5sf1Fbunmzc/73sg4QDJ6/HmZUQ4UaiwQ+v/nKsb0QzEid/Ma1e25UnFuQtHPEh3eQwCdVfNJRBlBSpYaAEIyUoBaWdbSHB4hZAn4pztUJ0UAwMjT413gjQ4Og/eTRSMmdl2XErIpMWPMT+ew3zm4bofnsETePGDBUZmBYFsl2V5vgOkM0UpxqFppkc6Bslnx6ivrGY1Qbq1ixehnOuWIsqeCkzucnJ5KKz2KMmkzJPWlnL8s2nQQMJISxJP/I+8EHxDCLxRkUZpA1qfYe58uHMS7dvT8uOJySS4otbO4lipMoTqMwQbfGWd49CWGi1KdQnKVzTUqlNmwPrx1tAKS0kSxg+SgKk8XhMFHux1GYKpsLAylAez7QlExyRBS+l43ljb/MpuebrVWMGRYYKLPxMDfWlc9U61jdSxWwOqgHxTaQIV+w85HYakmZtecNWu2LH68f3IHYh6O+2N9AgHuaYbr9U/oB0sFcUlVzMrwAAAAASUVORK5CYII=",Fusce posuere felis sed lacus.
"Syrup - Golden, Lyles",35,"data:image/png;base64,iVBORw0KGgoAAAANSUhEUgAAABAAAAAQCAYAAAAf8/9hAAAABGdBTUEAAK/INwWK6QAAABl0RVh0U29mdHdhcmUAQWRvYmUgSW1hZ2VSZWFkeXHJZTwAAAK8SURBVDjLbZFPbFRVFIe/897rdDpgKqKTDi6GtmOLg67cuGwixsSNoQujhLDSjYkLumhQg+BCTFgpCxeCJDZKQggxmrjQxoRgjG2thRaskkxptECYEmWG6fzpu+/c42LKaNWb3Jvf4n7fyTlHzIwDb55JPTm0YymKJH1p8WZh4ti+Kv9znnvx7d5dTwyUarVGa3FhdnDq69OxmBnAJsmPC78Vzhw/sEnyzOih3qHdg6V6o9FavDwzOPvtZzFARwCw/41PU8WBR5YwS09PLxa++HisCjDywsHewuOPlRr1ZuuXKzODly6cje8zmwQAe189kRoeypXUJz0/Tc0V4rjBUHG4VF9rNn/9ebYwf/Fc/M//YmaMj4+/A7x1X2ZmZLPZEEBV8d5TLpfVzDAzVJV6vf7uxMTEkWgDOFx46T3599DMQA28N3xTw5v3HE0FA+6e3ncYOBIAZDIZyW4RAvkvnKhxq+pYqToSL4QCAeCcE2hnzIx0BH1bhSj4G27FykolphZ7QhHCoA0EIqgqHYFzDqdtcFtaEGnDd9YSzLMBCwFCIEJgdAQRQBzHxB7YqJwSo9pSQBAxAmD46kn65z8iVS5R680x3Ubbr6riFLyBek/NeTKpAKdGEEBh/hRP/3GeXftfobt/N82Fb9hxcZLJPV2vBwBJkrCuRpwYa7Ghvt1nVwhmQt/MCYZH9pJeuoB88jKZ658zsHM7Jnaw00J93XAems5IFNQMNcHEeODu76T7+uH5sc6WoqM5Qi87I4Du7m4qk8dZXl7m2LVrjOXzOOcoFotcnZtjpGcrjctfseXL11hv3qYB1O6FaMitqLMF58jlcryfzfKoKqpKpVIhn89zo7bGlR++I7+9hyjsonYn4Xo5wPAfipkxOjpqq6ureO8718w25WcfavCUrPAwCX8S8n39QT6Yui1/AWOZi6sZoXAuAAAAAElFTkSuQmCC","Vivamus vel nulla eget eros elementum pellentesque. Quisque porta volutpat erat. Quisque erat eros, viverra eget, congue eget, semper rutrum, nulla. Nunc purus. Phasellus in felis. Donec semper sapien a libero. Nam dui. Proin leo odio, porttitor id, consequat in, consequat ut, nulla. Sed accumsan felis. Ut at dolor quis odio consequat varius."
Nantucket - Carrot Orange,53,"data:image/png;base64,iVBORw0KGgoAAAANSUhEUgAAABAAAAAQCAYAAAAf8/9hAAAABGdBTUEAAK/INwWK6QAAABl0RVh0U29mdHdhcmUAQWRvYmUgSW1hZ2VSZWFkeXHJZTwAAAF+SURBVDjLnZOxalRBFIa/e3djWGyE1GJhlcogRLCwshPrgI2NjaCktZZUCVaB5A1s8gI2PkMKGwu3CIIgKGuuu5ts7pzzH4t7k5tZSVw8MDPMmcPHnP+fKSKCFzsfXz1+uLp9PIubEoSEJJI3q0nIHFMw4IRPn7+/fv/26R5AH+DR+upub2lQrixBRBBARDsARRABiub8zth2gQ4wTVFO6hMioi2CIJDIcueg8cxL2ugDuAWbT26zaLx8d0QGMPcriyMAuhb6vYI6pRxQVeMrAUUBUFAUULS56sfo4rwESNfcIIO1azLPb3A0/Hq4/+HW/V+n4Arkjlwkc9yFyfHkuMRyTJHpMAOsP7i31lsesHKjs+qy8vMu/K7qtQwwPlNZzSZIlz2Pv/cBUjCdtzElsfXs7sI2brz5kotodr2I3cuMRsRkOcBd/1a/m/CzuXdw/HO0mIWtj5NqlAO+DYcHz7dmG26GJ8dSan5fXSNv7JMbYSJZDcHBBfi8r/+NP5dvHwJcdb23AAAAAElFTkSuQmCC","Quisque erat eros, viverra eget, congue eget, semper rutrum, nulla. Nunc purus."
Tuna - Yellowfin,47,"data:image/png;base64,iVBORw0KGgoAAAANSUhEUgAAABAAAAAQCAYAAAAf8/9hAAAABGdBTUEAAK/INwWK6QAAABl0RVh0U29mdHdhcmUAQWRvYmUgSW1hZ2VSZWFkeXHJZTwAAAJhSURBVDjLdZPda85hGMc/v+f5Pc8e2wE2QtiMyZh5K4RSpCkHxJnkSElOxJFy4kDyF3DopR15yUst2pRpJw4cSJLETCTb0mxre57f775eHPyevdBcdXfV3X19ru/36rojd+fwuZtt7n7PYQRnt+O4A+5kyaePaSAko19e3rm0GiAme3DaobV9Q2M0NDyK+1QRZDDDDX6PTlBOHPO4mWpkANjbvmFltG/TShqXteMZAXPLulrWffGCWmpLMXuOnOEvAO4L29uaePr6EyMjk7gZADalwh035/fYJJUkZXZULRDFxZi1G5toWVKPKrgbZo6qo2aIOeVK4O793rkAjqrxdWiMYq5ApVIhJCli2b2QJy4UWVRXg7nPAQBMDdFAkiQc3dGSyc/U4e7cevGBUCrwT/2MgqCGBkE0R2fve5IgiDoqhhBRKBZJJRvqnAARIw2B1MBzNUSFAuQciwwzI9WIVP8LgCCKVIQkKKJGUKvmDL5+4BFrPj5g29AAv4olujviix3dcm1GgRohCSRBMzvqpFVIa/9jdiV9tJ48Q01zG+W33bzv67nSc6AwkZttIaQZIBWjHJQ0KIkYy991sm7fMUqfe4luH6e2/yGrmhryHvn5eGphUlEkEZJgBDNUnGBKCM788UFKS5vh0IUZ75eXkbdo1fQMVB1NNbNghogh4og4Y7UNTL7pou7JWZLyTyaB8bE8mufH9AzI5di+cxMeRag6oo5V8+iWE7x71UVj/TzifIHxYWFgMFLHr08Bep51vTqV/bxZ+4+Dw3NfwX7byuZvPTSkYPncd8dvHOyWq38AFgvYQWlFsCQAAAAASUVORK5CYII=",Aliquam erat volutpat. In congue. Etiam justo. Etiam pretium iaculis justo. In hac habitasse platea dictumst. Etiam faucibus cursus urna. Ut tellus. Nulla ut erat id mauris vulputate elementum.
"Bread - Roll, Italian",88,"data:image/png;base64,iVBORw0KGgoAAAANSUhEUgAAABAAAAAQCAYAAAAf8/9hAAAABGdBTUEAAK/INwWK6QAAABl0RVh0U29mdHdhcmUAQWRvYmUgSW1hZ2VSZWFkeXHJZTwAAAK5SURBVDjLjZBbSNNxHMVXDz3UQ0892AVSs4Q0shQRA5uzCFGL5Rxqc1u5mZpNnWNN533eaDr976blZeFllc7mMLMl6IOGqdOpS4vAPaRbb6FiQjpPm5QahvmFw5cfP87nezgkAKS9JI4+zp5Wey3Ot57AnMZ9rYnn0RAV6HHoz/+eZl74SYq12d2x0OaGnapL9azeF6CBeYxY6PSHrZeDH8OVsOmCsaA9BYva8/u+AKroo5V2cy8Wh1RYMz/D8nsV5id60F/sZ90XgBoew51pydxYmuyAY7YTKxY97AMEihKu6v4J4JK92Ep26CLBIEPFoqwl033HCGHqT7uOj69dhbAbcjFY+wAXOOd7AgQ+R/4CMIPPUJTsMEd1PBk71SjjQV4nQYUiF/lSAbo+tqCkvwi+eec0F/lnD28BZPRLg0+Sb6Gz4B5m2sRo5dNAMCioTQpDk1kM9bgQVaYMlJsy0f6pAen6NAQlB6i2AAq6Z/uXfu2uwrTZZMjGH6HCJEDxaDpyRlMg+pACtoqFOVXU/wurKI6GYkKEfMN9pKvjwK26ibjSUFAl12B7GrENOHi5RqQQpe0qzIeWBW5dDArb2ei2KGG2GSF7lwK6zBcMoffrTfOB4OeJVL5peeAbUPpSh9xGLQSEBvUjqxAo5hFfcn29a7oaXTMEXCPt40DWl4TAVLdVknt4LY3G614xzDogmQE4I0DCABDTDdC1ADEEROT4ocdSj51jmFK6ACBNSfzXxzrk4L+yg9kLMPUbiNdugKZxIFINRModuPLwNB4b76LMyNo0l71lbSew1oTYOkoyEJs3DK4RYL9xJtADDANwx5WifA6xvCjclnqj0pi4edm1XW8nQEr63JwU1FNEzQ6ktej900dBzptyahpk8SRCsk3wvPHCKs9KLEgQehuchiVX7N+73NXfL+Zkqi9OGtlWAAAAAElFTkSuQmCC",Morbi a ipsum. Integer a nibh. In quis justo. Maecenas rhoncus aliquam lacus.
Kirsch - Schloss,17,"data:image/png;base64,iVBORw0KGgoAAAANSUhEUgAAABAAAAAQCAYAAAAf8/9hAAAABGdBTUEAAK/INwWK6QAAABl0RVh0U29mdHdhcmUAQWRvYmUgSW1hZ2VSZWFkeXHJZTwAAAIzSURBVDjLhZNbbtpQEIazgaygG4nUjXRH3QAySvvSKokEgeaBSBGFXJqAQkMxYCA03EJMzcWxCb6AAYP9d46BhqRURfqw5Zn5z5y5bAHYWufd++hbwkdkCYUYEBXCz2yv/dcDtwmOsL/yIkotHU11irY5g9QfIp5tgdmWPtsvBJbB0YOLCuaOC0kHjtIGvhQMfO9PMSYnh2A25sN8VyIrAY4ZNBvezyTvvUsNn66fIGgOXPpGD+jOwr4U4TwBetkhHLFvYy+loqounE74MfxnKupDeBn06M+k55ThukzAYbHe6TG630lBx8dLBbsXCooSUOsBqapJ15mgPwFkEtAplcEcMIjYoiYcE8gLoobPyUcSkOH/JiOS1XGYqDOHLiOcbMCkoDZlU30ChPYcgqgze54JqLfSiE6WsUvBH0jkpmEyY4d4s6RT6U0QoaKGMppHUbKYj/pHwH8ugzvtwXfaRfr+b4HiLwshXsf+zYDoo7AmkM8/DMCdd73gIKlXVRcs7dUVDhMNJBssgyGOSxai5RFyzecreEW8vh9DkIGWBTQMQgMqjxOUOhOkmjOEciPs02wEMiYSJLZeRK+NNrVGph7dDQC+C1yJQLw+x/HtFOG8hQBv4eCHiSBvkrD93Mb1QVKoXYICJCg4VnMRKc8QFsYIZhfBAd5AWrRfDtLrUZYMFznKIF6bI1JcnH4k0C7cWfgp25tHedMyZR90lLtTrwYZKgj79s9l+s86K8t336Z1/g2YLh6PHfCmogAAAABJRU5ErkJggg==","Duis ac nibh. Fusce lacus purus, aliquet at, feugiat non, pretium quis, lectus. Suspendisse potenti. In eleifend quam a odio. In hac habitasse platea dictumst. Maecenas ut massa quis augue luctus tincidunt. Nulla mollis molestie lorem."
Skirt - 24 Foot,72,"data:image/png;base64,iVBORw0KGgoAAAANSUhEUgAAABAAAAAQCAYAAAAf8/9hAAAABGdBTUEAAK/INwWK6QAAABl0RVh0U29mdHdhcmUAQWRvYmUgSW1hZ2VSZWFkeXHJZTwAAAJxSURBVDjLfdHLaxNRFMfx752ZpOkjfUgiYkykC0G6a8EXuhBxmY1r/wTBpaI7l7oXXQguuvAPEKF/QA3WorSWtmCxldLGR6NpMpnpzGTuOS6iVYv1B4cDF+7ncO41qsq/UqvVvK2trWIQBKPj4+Ov2u32MEA+n2+vra1dGBsba5ZKpR1zGDAzM3OrUqncj6KIMAwpl8uICNvb2wwODpLL5VhfX7/tcEiCILg5OjrK1NQUmUyGpaUllpeXyWQyTE5OMjIyQqPRuO0dBqRpWgrDkMXFRUSEarUKwNzcHPPz8wRBwNDQ0JFDAcdxKJVK7O7uUq/XWV1dRUTodDq4rovneb3+/sWZhdzwxIQxf26jGFPdh4rFImEY0mg0cF0X13UBsNbiGXVOly89zRhjQHuXMYaF589ZWVmhXC6jqogI1lqy2SyqSrPZpNVqffdINUKSvvjzI2zigjOMMXmuXL7I24VVarWXVConKRQK9Pf34/s+X7/Ute2Hz0TkjkfXOCoJNsmiosjeJns7G0RvpjlWr3MMYBtioPCzxsGcuvH6OoCH0ZykewSfvhJ/+YAkIW7fCCeqTzAYpBuDARXBGIM7cJy1h+f2X8uj6+D1H6V4/i4goIqKT9qeRaIN0Bi1IWoDVEJylXt//ZZHV1VthITvUNtCrY9EH0EFlQhkD5UOajuoDUHlABCjKinS3UHTVg+RGDTtTZfedEl91PpgzAEgUTVYNP2Opru9sq3fWOqjtv1zhQiJNwGifUATaabht4FuJ5tH8o5qBiQPWkBtDCSo0+vGsdgoUk0k/g1E8YP1x9fOolzFkOd/UcDMJohO/zr6Acl3eEJ9hHHwAAAAAElFTkSuQmCC","Etiam vel augue. Vestibulum rutrum rutrum neque. Aenean auctor gravida sem. Praesent id massa id nisl venenatis lacinia. Aenean sit amet justo. Morbi ut odio. Cras mi pede, malesuada in, imperdiet et, commodo vulputate, justo. In blandit ultrices enim. Lorem ipsum dolor sit amet, consectetuer adipiscing elit. Proin interdum mauris non ligula pellentesque ultrices."
Catfish - Fillets,7,"data:image/png;base64,iVBORw0KGgoAAAANSUhEUgAAABAAAAAQCAYAAAAf8/9hAAAABGdBTUEAAK/INwWK6QAAABl0RVh0U29mdHdhcmUAQWRvYmUgSW1hZ2VSZWFkeXHJZTwAAAI9SURBVDjLpVNLSJRhFD2f/+QThVHKJ41Ti0pblCAKrtJQ7LGT0E21CUEisFUtioIeIEGLICkwahUtooW4aAQTcahNBWE1gWOY4yQIio8c5/vuo8X8jYuCBO/mfmdxD+ee+x2jqthJ5WCHFYg97U8wc7UIg5nA7EDkQGSz3TkLIhs5dWu84y8CZq7e09IJVYayQIUgwlAmKDsIE5QJH4aftP9TAZGDCCG9koQyQchB2GU6WQhZ5JVU4lHxAAZvvlEmBhMzOeqbvHfycYDIorzu9H935fExXO9pAIsisbjuPXj5/i6ADMG1kRnEkmtgKyDLYMugNGfxwaoikCNYUtSHgjgaDuL+83elABBwLo3e3ZPYyJn1JTuwL/0PLiwL4UKiESUFBrMLyzhQE4SzDlkCcRZsU/6gyw4K2YyR5OCsgyPBl8Q6Upa3CKzdBJNFbnF5xnHynRfyL8BQcji29hru9lWEk3HY0gq0ppsAnIM5c/yIqgpEBKoC9buoZrAqmosFnfWVqGvrQl64HqlPEUxNjGLl29dLOS9GP5qppPse3N+MqsOtiC2aVKihEyW1TZheyh0bjsZNI8/NHGrrQn58HOZZDwpnXmFfbRnUaH/Av9LZaDQ6ACAFYCgSiVz0330A4IkJ51eEgROXtz7QjUp4YmrNdsIUaQ/MtXSfryn6MYJ0agEbANZWPcTimN9WmApLy4c+v52gn5sFWPV2YXnJYHresAIPzXbjHO3ee+XXUrLXYxNiT+cVGOyI0J3frMiI4RHtXVwAAAAASUVORK5CYII=","Suspendisse potenti. Nullam porttitor lacus at turpis. Donec posuere metus vitae ipsum. Aliquam non mauris. Morbi non lectus. Aliquam sit amet diam in magna bibendum imperdiet. Nullam orci pede, venenatis non, sodales sed, tincidunt eu, felis. Fusce posuere felis sed lacus. Morbi sem mauris, laoreet ut, rhoncus aliquet, pulvinar sed, nisl."
