nombre,apellido,usuario,clave,tiempo_registro,codigo_confirmacion,correo,telefono,ciudad,direccion,direccion_entrega
Nataline,Gadie,ngadie0,BWiPcfHn,25/7/2018,wLTaoFiLX,ngadie0@meetup.com,+359 985 432 4672,Akhtopol,0 Stang Lane,30 Pepper Wood Street
Scotty,Serck,sserck1,P3uVXwjmr,5/8/2018,3GPYB44FGNJ,sserck1@ezinearticles.com,+62 284 128 8396,Ketapang,507 Dorton Park,96 Elmside Center
Hana,Dalrymple,hdalrymple2,as1z1mqGl4F,16/8/2018,Sc5P5DVk9tWU,hdalrymple2@forbes.com,+33 811 168 5195,Alfortville,0820 Ronald Regan Trail,23 Dottie Avenue
Mehetabel,Yabsley,myabsley3,iD8pRDS,26/9/2018,HKuMBul7Me,myabsley3@netvibes.com,+965 713 994 5359,Az Zawr,56 Independence Crossing,22 Fuller Trail
Ronald,Nutley,rnutley4,Dys81iKLl,25/5/2019,cKB8f7,rnutley4@printfriendly.com,+44 825 898 0088,Wootton,02664 Kennedy Center,0459 Granby Street
Nels,Gieraths,ngieraths5,bXMIoxn0,1/4/2019,lP948rZsf,ngieraths5@cnn.com,+62 878 404 6496,Kowang Utara,6076 Vidon Center,9 Summer Ridge Road
Heidie,Iacapucci,hiacapucci6,gbcfV4UC1g,10/5/2019,nVsKvT,hiacapucci6@tripadvisor.com,+63 738 440 9228,Baras,60994 Sloan Trail,21 Macpherson Point
Mandy,Unitt,munitt7,GltpbRp,27/9/2018,ZzZ1ta6I,munitt7@mapy.cz,+1 203 109 7205,Waterbury,28 Del Sol Terrace,232 Kim Road
Glori,Britten,gbritten8,OyETsBO2,22/11/2018,bdEZbFvb0a,gbritten8@bloglines.com,+51 292 980 8969,Progreso,9 Eagle Crest Lane,9 Lillian Center
Hewe,Grannell,hgrannell9,9I8y6Hg,3/10/2018,v1k8IV,hgrannell9@stanford.edu,+253 327 610 8019,Dikhil,21553 Melrose Road,4 Oneill Road
