id_empleado,codigo_empleado,nombre_empleado,apellido_empleado
1,330-49-8362,Fawne,McCullough
2,289-87-4842,Brody,McKaile
3,507-36-1209,Sharleen,Syne
4,563-44-0903,Moll,Fancott
5,630-44-9919,Jackson,Goodsir
6,445-98-0606,Harwell,Corbin
7,691-01-8220,Nertie,Ughi
8,385-59-7703,Dulcinea,Trivett
9,505-34-1686,Gussi,Appleton
10,530-98-8881,Eimile,Cargo
11,550-76-1611,Baxter,Mityukov
12,358-65-2029,Dewey,Devo
13,328-32-1846,Zeb,Reeken
14,584-45-3184,Yolane,Howells
15,837-47-0347,Arlin,MacAllester
16,699-92-1883,Colly,Algeo
17,194-67-8311,Renado,Von Hindenburg
18,808-09-0004,Fabien,Lillie
19,122-16-0126,Kristyn,Peschka
20,634-62-7057,Skyler,Whitley
21,219-15-7264,Sayre,Andrin
22,361-86-4620,Claudius,Hickford
23,633-37-3964,Dorelia,Cominello
24,579-93-8820,Jane,Mulbery
25,888-45-2333,Blisse,Hargate
26,179-56-5922,Erhart,Kyle
27,394-47-9947,Sadie,Glisenan
28,351-37-2519,Alameda,Wilmott
29,145-54-6659,Nananne,Houltham
30,358-25-3798,Thelma,Feaks
31,238-08-8329,Tomlin,Doveston
32,878-53-2386,Romola,Vesque
33,228-76-2902,Kippy,Weagener
34,328-41-5182,Archie,Davidof
35,537-60-1471,Wallache,Sissland
36,886-15-9646,Dunn,Pitkethly
37,732-66-1965,Serge,Stead
38,400-91-4547,Corney,Roscher
39,701-82-9737,Regine,Keir
40,318-52-9493,Tracy,Fancet
41,621-37-9104,Alaster,Nary
42,749-02-7598,Edmon,Rustidge
43,886-40-0204,Issie,Greaves
44,565-90-9527,Darcy,Picknett
45,518-75-6158,Moritz,Konneke
46,252-77-5639,Thibaud,Ecclestone
47,310-87-7072,Selina,Vida
48,869-97-2651,Aluino,Messer
49,313-46-0861,Itch,Swaine
50,604-66-9126,Duky,Schimann
51,384-95-3290,Lyndsie,Rollinson
52,441-30-1415,Marcie,Moynham
53,461-21-9901,Tracie,Tarrier
54,887-87-1207,Gabie,Birbeck
55,192-21-2050,Kiley,Davey
56,131-36-3170,Perle,Pockett
57,703-41-8163,Montgomery,Nussgen
58,327-66-1253,Walt,Shalliker
59,337-42-5170,Fred,Orwin
60,831-07-0132,Glennis,Seydlitz
61,848-39-7503,Juliette,Fitzsimon
62,263-87-8615,Allissa,O'Towey
63,873-11-7420,Fraser,Huygens
64,881-50-9317,Claire,Losel
65,643-45-9829,Berky,Vedishchev
66,811-27-4970,Malvina,Cradoc
67,514-34-9099,Marcia,Hynes
68,248-49-1672,Eolande,Kleuer
69,812-12-2175,Fanny,Kliemann
70,692-13-1057,Dona,Akrigg
71,790-58-3713,Base,Finnemore
72,632-13-2875,Freddie,Croome
73,494-16-3137,Reina,Guilaem
74,410-83-7555,Court,Syms
75,207-42-4291,Pearla,Lesek
76,726-88-4393,Tommy,Mannock
77,233-50-7889,Chantalle,Errichi
78,343-01-9093,Lenna,Apthorpe
79,316-04-4861,Fayth,Juschke
80,132-46-0384,Rudiger,Alsobrook
81,515-74-4311,Sabina,Bleaden
82,583-56-5557,Virgil,MacGray
83,380-27-6917,Dorian,Beckworth
84,447-49-6423,Trudey,Libbis
85,222-62-1072,Madel,Dan
86,416-01-0260,Herculie,Gostyke
87,408-82-2078,Charlena,Gerauld
88,163-75-3304,Morly,Beveridge
89,782-96-9147,Silas,Haffner
90,541-02-5064,Jess,Jordan
91,481-82-8073,Darcee,Leavry
92,755-66-9271,Ethelbert,Frake
93,711-62-7123,Zebulen,Conradie
94,270-03-3645,Amata,Kerfoot
95,604-04-5794,Marcellina,Dillingstone
96,384-74-6885,Tallou,Palfree
97,453-02-9086,Chantal,Guido
98,317-58-0860,Bord,Huniwall
99,828-62-4921,Franny,Iskow
100,370-64-8606,Howard,Leatherbarrow
101,760-89-0375,Quentin,Jakubiak
102,821-31-4900,Chrissy,De Roos
103,244-61-0847,Thurston,Ivanilov
104,442-20-7349,Daisi,Gobert
105,386-85-6101,Lyndel,Thornley
106,124-55-0924,Joaquin,Adamolli
107,212-14-8130,Enrica,Trevain
108,352-04-1521,Kristos,Denton
109,881-71-1623,Hermy,Canny
110,156-61-9343,Austine,Terbeek
111,602-12-6845,Belvia,Local
112,738-04-0382,Marten,Jagger
113,612-46-4716,Michal,Cockton
114,368-85-0339,Prudence,Ebourne
115,722-52-2804,Silas,Troak
116,219-66-6988,Hastie,Walicki
117,644-35-7532,Jandy,Plows
118,698-36-4016,Shepherd,Elgey
119,451-06-4642,Daffy,Chelam
120,878-33-8416,Gavan,McArley
121,695-79-1998,Gib,Wetheril
122,848-17-5216,Sidney,Dryburgh
123,410-55-4228,Louisa,Juliano
124,357-10-6567,Marian,Usborn
125,548-19-5753,Den,Tansly
126,572-53-1961,Balduin,Uphill
127,244-40-4830,Gardy,Tidmarsh
128,749-53-7322,Dennet,Engelmann
129,410-22-6549,Estele,Kobes
130,824-86-6354,Aristotle,Scahill
131,396-93-8642,Annabel,Grayshon
132,532-03-3036,Gunilla,Levicount
133,321-33-9319,Sigmund,McCloughlin
134,522-76-8687,Humberto,Jedrzejewski
135,627-85-8864,Nickolai,Stringfellow
136,583-67-0393,Wilie,Grigoriev
137,465-10-8323,Helsa,Ort
138,360-81-5336,Hilly,Nellen
139,364-94-5272,Babita,Getsham
140,448-94-9634,Colby,Yakubovics
141,228-21-2631,Alejoa,Boyet
142,457-35-5978,Griswold,Pollitt
143,638-24-9157,Dallon,Aberdalgy
144,254-13-0207,Taryn,Grombridge
145,546-89-1972,Shari,Tinston
146,381-43-4028,Marita,Labon
147,280-17-2731,Elbert,MacPharlain
148,169-81-9408,Von,Kleynermans
149,819-68-6296,Grantley,Hankey
150,383-97-7564,Raimondo,Cicconetti
151,838-46-3527,Lizzie,Goldstein
152,677-15-5183,Carey,Meade
153,527-89-0708,Hendrik,Renshaw
154,669-37-5954,Melessa,Hickin
155,784-67-0159,Ruthanne,Roast
156,643-88-0435,Glory,McTaggart
157,460-85-0883,Boyd,O'Crevan
158,386-59-1713,Yetta,Leavy
159,269-07-0198,Boy,Kendell
160,419-44-0906,Travus,Gascoigne
161,735-10-2155,Galven,Kinglesyd
162,553-82-3738,Jemimah,Crier
163,734-97-4940,Sherwynd,Quinn
164,512-10-6358,Emmye,Duncklee
165,715-83-6265,Loydie,Harnott
166,136-55-9507,Marnia,Croce
167,439-71-5179,Nollie,Meegin
168,282-21-0374,Micky,Mathiot
169,651-53-4416,Sanford,Binfield
170,536-82-8568,Peirce,Castrillo
171,274-95-9421,Francine,Yeatman
172,841-09-4631,Alison,Hardisty
173,291-63-8183,Rolland,Fellis
174,158-96-6842,Moselle,Airdrie
175,436-97-2021,Teena,Devereux
176,106-69-1944,Donnie,Klosa
177,887-17-3379,Alberto,Palatini
178,102-47-3223,Lucretia,Collington
179,804-08-5169,Nappie,Smye
180,731-68-7842,Nelson,Valentelli
181,412-23-0743,Nell,Waryk
182,433-12-5814,Mord,Schoenfisch
183,749-18-7860,Auguste,Tejada
184,443-42-0597,Filip,Keemer
185,149-13-5179,Billy,Fahey
186,865-51-3418,Melissa,Bools
187,115-66-3143,Myrna,Fenby
188,761-63-0148,Clark,Cockerill
189,187-99-9974,Parnell,Lethley
190,395-59-5740,Jud,Banghe
191,533-12-2771,Brittni,Lefridge
192,466-02-9015,Robinett,Chetwynd
193,239-66-2598,Gayle,Kidby
194,854-80-3310,Blair,Sate
195,709-13-5140,Worthy,Pykett
196,874-06-1670,Robena,Shirt
197,128-26-5905,Hieronymus,Morpeth
198,477-38-2748,Gran,Eastmond
199,112-24-7192,Shandra,Longthorn
200,533-46-7353,Sal,Logan
201,349-94-8800,Arvin,Waszkiewicz
202,311-25-6201,Anitra,Merle
203,322-47-8316,Erika,Faulconbridge
204,562-97-1351,Barbabra,Bridgett
205,470-14-7012,Brier,Godsil
206,176-41-1367,Saxe,Featherstonehaugh
207,825-02-1957,Thalia,Beller
208,728-55-0824,Rochelle,Joliffe
209,123-30-0044,Annie,Iannello
210,565-98-9974,Cacilia,Rogeron
211,715-71-5825,Gabriel,Giottoi
212,244-55-8799,Jilly,Avrashin
213,830-71-8682,Jobina,Foulis
214,482-37-4008,Gerrie,Admans
215,589-10-9104,Matt,Kiernan
216,373-25-2223,Marylee,Rudloff
217,731-62-5477,Adah,Rivaland
218,182-97-5537,Alair,O'Lenane
219,834-24-3005,Zacharias,Laidlow
220,617-02-4241,Odette,Galgey
221,833-46-7143,Trip,Allden
222,424-13-9370,Enrico,Sculley
223,849-04-7525,Chiquita,McVicar
224,634-23-3646,Jessee,Pecht
225,493-66-8439,Atalanta,Desson
226,786-15-9234,Agathe,Pasmore
227,483-88-5694,Kingsly,Ziemsen
228,417-49-2856,Chance,Dumphy
229,517-68-6985,Julina,Pendleberry
230,252-59-1676,Gregor,Serman
231,644-82-6700,Annadiana,Cancellieri
232,272-83-7660,Isador,Anstiss
233,261-19-6318,Amandy,Liddicoat
234,126-62-8489,Niel,Crannage
235,549-49-4365,Rodie,Ramsted
236,127-27-8706,Roz,Vakhonin
237,499-52-1039,Weylin,Wanless
238,141-72-4442,Clarette,Geare
239,588-16-1227,Emilie,Trim
240,240-51-5748,Kahlil,Kivlehan
241,344-97-7366,Annie,Behninck
242,234-47-2871,Raquel,Yardley
243,266-29-6297,Antonella,Pawlett
244,503-89-5870,Cliff,De Beauchamp
245,659-29-7370,Merola,Lille
246,587-80-6140,Yurik,McAlindon
247,193-12-2769,Celestia,Fulkes
248,640-29-3633,Eleanora,Ellcome
249,753-39-9442,Tallie,Dodson
250,794-98-2828,Meris,Larmuth
251,322-96-4977,Trude,Royson
252,152-18-0031,Lynea,Laven
253,544-35-3325,Levy,Brunelleschi
254,100-96-2993,Alphonse,Escoffier
255,551-42-6981,Templeton,Learned
256,890-03-2989,Orton,Bleby
257,344-88-0448,Thelma,Jovovic
258,245-95-9047,Saleem,Wasiela
259,567-77-9116,Kelcie,Mordacai
260,180-45-7449,Martica,Shoebottom
261,664-41-1296,Cooper,Van Hove
262,384-49-3822,Janine,Liveley
263,685-59-0628,Georgina,Ogger
264,809-94-4335,Ewell,Claridge
265,401-85-4358,Sapphire,Cardiff
266,878-04-4667,Patrizius,Crimpe
267,613-05-0130,Aldo,Dewett
268,166-08-5111,Stefanie,Fri
269,741-70-7714,Leona,Jindrak
270,355-15-2297,Bryan,Chastel
271,500-96-9783,Englebert,Clemoes
272,441-71-1080,Lorianne,Emmot
273,815-82-4271,Octavius,Andrasch
274,541-80-7351,Siusan,Rodenburgh
275,758-01-4943,Garv,Aughtie
276,190-05-5161,Johan,MacPhail
277,480-73-7098,Nani,Radborn
278,209-75-1333,Cherlyn,Grinyakin
279,254-20-3692,Kessia,Bonar
280,863-63-7457,Talya,Brewin
281,637-30-8866,Morgan,Seeney
282,501-64-3218,Lonny,Codi
283,316-17-2520,Fabiano,Piers
284,767-66-4091,Laina,Wedgbrow
285,881-04-3356,Taddeusz,Foss
286,175-17-5491,Virgilio,Tomasik
287,565-79-2290,Ryann,Gartshore
288,430-64-4553,Louisa,Rodgier
289,589-39-0610,Esma,Lillow
290,521-58-1862,Ulrikaumeko,Macieiczyk
291,285-81-8808,Nolana,Nibley
292,652-44-7887,Austin,Dullingham
293,703-21-9941,Griz,Phillis
294,617-23-3096,Aymer,MacGraith
295,260-33-7025,Danella,Ornillos
296,320-86-6091,Ruby,Ibel
297,459-19-3886,Noelani,Marshallsay
298,791-08-1467,Gerri,Knudsen
299,206-88-1694,Thacher,Boshier
300,196-84-3221,Von,Stalf
301,178-61-2795,Natassia,MacCulloch
302,879-04-0878,Dody,Jeays
303,474-07-5514,Rollie,Worcester
304,191-58-4271,Orson,Hatrick
305,415-14-3146,Fremont,Storrie
306,527-79-3237,Aigneis,Penhearow
307,165-40-3228,Ferne,Dowzell
308,177-57-4308,Ingram,Sawfoot
309,680-27-0435,Kimberli,Pyper
310,179-37-5644,Rorke,Greenless
311,805-03-2575,Rodi,Kellough
312,511-24-3557,Jacobo,Goullee
313,874-01-1515,Bekki,Bainton
314,567-96-4023,Sinclare,Emmitt
315,764-08-6417,Ethelin,Swinnerton
316,737-04-5734,Jasmina,Scarsbrook
317,600-09-3456,Luigi,Cranfield
318,572-93-7440,Gussi,Sanday
319,281-07-5805,Cherry,Heads
320,374-55-2723,Natalee,Catcherside
321,432-99-8256,Rebecca,Trembath
322,513-28-6687,Leonerd,Vooght
323,210-79-1154,Hazlett,Pimbley
324,432-27-1534,Terra,Gronaller
325,169-52-4344,Agatha,Gauch
326,578-12-5991,Hermina,Davidi
327,567-28-2065,Lanny,O' Meara
328,462-72-4786,Verge,Goodsir
329,748-01-8129,Myrle,Ludovico
330,140-18-4598,Emilie,Mangeon
331,608-20-2041,Coraline,Coston
332,825-59-6225,Tommie,Rodders
333,276-79-3651,Evaleen,Winslett
334,286-61-3482,Janessa,Ramage
335,676-18-7253,Josh,Sandeman
336,435-54-0206,Alyssa,Dayley
337,450-74-7992,Crin,Bezemer
338,582-10-3588,Deina,Minot
339,578-29-9997,Titos,Fisbey
340,256-11-0769,Isabelita,Totton
341,123-08-1338,Brok,Beldum
342,775-36-7239,Saundra,Smythin
343,706-40-4534,Henrik,Klimpke
344,638-19-5063,Saleem,Ewols
345,444-92-3384,Nelie,Sprasen
346,868-37-3187,Aldric,Le Pruvost
347,734-28-1401,Sherwood,McIlwraith
348,836-03-2516,Clayborn,Gentil
349,434-20-6246,Ulric,Ales0
350,301-54-5592,Ange,Juste
351,141-66-2767,Corrianne,Halliberton
352,434-08-3641,Sisile,Minci
353,174-81-3269,Mel,Munning
354,578-59-7234,Kiri,Toppes
355,405-99-4038,Kristian,Dymocke
356,575-64-6601,Ethyl,Gockeler
357,795-19-3348,Edyth,Budik
358,140-63-8855,Davina,Bellamy
359,416-62-8854,Yvonne,McLanaghan
360,852-23-4810,Jojo,Brunon
361,727-57-3763,Cristiano,Maskell
362,519-26-8559,Shelli,Benian
363,507-28-9519,Giordano,Yearnsley
364,179-86-3384,Ambrose,Preble
365,358-92-9061,Andras,Oxe
366,883-17-4307,Christa,Overbury
367,150-33-3622,Huntley,Espinet
368,849-10-8132,Piper,Docherty
369,824-10-6025,Sherye,Brolechan
370,615-46-8724,Jabez,Blackaby
371,783-71-5981,Pat,Baglow
372,557-12-6279,Vanni,Coltart
373,665-10-1717,Harald,Riccardini
374,344-57-3297,Agna,Jenks
375,892-85-8642,Geoffry,Packman
376,483-49-5196,Lurlene,Cherm
377,888-39-3200,Bailey,Bunning
378,774-27-0424,Blanca,Gantley
379,191-94-3719,Benetta,Leslie
380,755-17-7463,Irene,Sybry
381,815-62-7899,Alfonso,Saltwell
382,744-87-2300,Shayla,Clissett
383,361-68-9171,Joellen,Rewcassell
384,375-19-4018,Veronique,Lacelett
385,484-41-6578,Vinny,Wilber
386,827-22-3238,Chrissy,Valintine
387,113-45-9087,Frannie,Castleton
388,655-53-0251,Erin,Bartolomeu
389,785-91-0339,Ariela,Whitmore
390,782-64-1647,Rochella,McGenn
391,187-35-3856,Jerald,Rays
392,477-50-9258,Garrek,Hadleigh
393,327-98-5587,Shawn,Boig
394,813-11-7508,Irwin,Jako
395,469-38-9053,Zsazsa,Le Fevre
396,769-24-5734,Jimmie,Trapp
397,747-50-6655,Son,Ollenbuttel
398,120-08-4388,Paulo,Whaley
399,108-49-2713,Silas,Walklott
400,738-24-0534,Dall,Abrahart
401,388-81-6623,Gaynor,Hogben
402,530-25-5352,Griswold,Pyne
403,667-78-5307,Johannes,Hanaby
404,195-26-9048,Willard,Leisman
405,384-07-2462,Carol,Ricard
406,869-30-9834,Carlin,Enevoldsen
407,892-37-9876,Kermie,Scarce
408,340-02-5652,Joshia,Flewitt
409,281-69-0671,Sela,Planque
410,780-73-2983,Erwin,Arkwright
411,534-45-7455,Bernadine,Townrow
412,262-66-9519,Nelson,Rann
413,377-79-8227,Susy,Seleway
414,130-36-6487,Zared,Belbin
415,157-61-1179,Dov,Pudding
416,684-97-4217,Suki,Britto
417,466-41-4318,Leigh,Kerfut
418,496-32-8478,Brig,Kenyam
419,797-96-9895,Genovera,Swadden
420,212-04-9090,Melly,Rasp
421,588-33-0958,Tonie,Dillinger
422,507-11-3462,Christiana,Syrett
423,385-16-8896,Harwilll,Tabbernor
424,373-96-6993,Noami,Schiell
425,142-43-1496,Ranna,Gillions
426,558-70-8796,Pauline,Oxherd
427,265-19-3908,Nikola,Jimenez
428,136-54-3624,Truman,Cooling
429,607-89-2972,Ulberto,Muehler
430,437-21-8135,Loren,Collishaw
431,294-54-3926,Aggy,Ros
432,222-77-6439,Robbert,Ascroft
433,367-08-3251,Ondrea,Berthelet
434,315-71-1300,Neill,Such
435,291-32-5601,Vita,Gamble
436,719-36-8357,Adham,Anning
437,762-39-2815,Kenn,Quartley
438,670-04-4975,Birk,O'Connel
439,657-91-8493,Alecia,Lemanu
440,235-57-1342,Lora,Goford
441,851-83-5343,Beverley,Goslin
442,202-14-7837,Lark,Tidcomb
443,268-10-2317,Bliss,Armit
444,644-13-0068,Luelle,Ivanyukov
445,767-60-1454,Bren,Mannin
446,570-93-3262,Vinni,Feldstern
447,292-29-9086,Dorri,Audrey
448,269-28-1653,Farlie,Studman
449,325-76-9188,Gunar,Thomsson
450,858-41-1663,Ninnette,Maddie
451,836-32-2290,Tabb,Cochet
452,398-40-0454,Jack,Totterdill
453,233-03-4826,Gale,Vigars
454,552-72-1554,Mavra,Fairholme
455,734-54-1299,Natalie,Ayllett
456,646-10-7270,Martita,Mieville
457,403-18-8838,Bing,Swalowe
458,512-59-1267,Vernice,Scane
459,176-17-8970,Maura,Waycot
460,728-37-3048,Mirabelle,Wilmington
461,188-58-7824,Reginald,Dimblebee
462,539-26-6181,L;urette,Slaymaker
463,622-75-6964,Hy,Koppe
464,371-55-2195,Lexis,Rickesies
465,337-78-1598,Vinni,Hame
466,850-76-1753,Johnette,Derrick
467,378-81-1075,Justis,Veschambes
468,844-80-9455,Regine,Barnewell
469,842-87-4308,Mamie,Muckart
470,340-38-1991,Frazer,Huet
471,454-14-4716,Nicola,Froggatt
472,740-98-1906,Christin,Boyat
473,737-53-5542,Eberhard,Beteriss
474,617-95-6097,Gypsy,Ross
475,136-65-1059,Nonah,Leabeater
476,320-83-3998,Maynord,Peschka
477,702-81-5960,Barbara,Wasylkiewicz
478,573-31-7093,Charlene,Adamolli
479,302-58-5856,Wilfrid,Huyghe
480,266-03-0283,Katrina,Sibray
481,837-58-6109,Ferd,Fliege
482,670-36-7668,Tammie,Davidsen
483,719-37-5102,Bard,Wohler
484,783-73-9545,Adolpho,Bingle
485,678-46-7060,Edgardo,Olivi
486,615-81-3080,Germaine,Abrahamsohn
487,798-04-8354,Philipa,Binding
488,314-72-2361,Garrik,Maneylaws
489,771-36-0918,Demetra,Ralls
490,489-54-6832,Gwyn,Masey
491,616-25-1447,Jammal,Pioch
492,384-45-8339,Ashil,Dowles
493,886-41-6098,Klarika,Arnault
494,627-90-4550,Dorita,Goodrick
495,598-21-2996,Kinnie,Dohrmann
496,764-24-7086,Elaina,Jerdein
497,610-18-4007,Peg,Pahlsson
498,758-80-2027,Ettie,Crehan
499,673-45-3020,Sheeree,Baggaley
500,793-38-7720,Edie,Brideoke
501,524-01-6987,Jilli,Stroban
502,874-22-4648,Queenie,Janse
503,602-18-5036,Claudianus,Belasco
504,470-71-9235,Wildon,Kadar
505,166-57-3895,Clark,Keenan
506,819-51-3005,Norene,Goter
507,670-54-2428,Lockwood,Hakonsson
508,264-79-6192,Carita,Service
509,882-12-8918,Rollins,Sheraton
510,175-68-4588,Judy,Virgoe
511,836-69-2565,Clem,Trubshaw
512,537-61-1880,Hewet,Eggleson
513,247-59-7291,Emmeline,Benet
514,490-21-1041,Seward,Boase
515,199-86-5964,Randene,Volkes
516,478-40-9249,Les,Godly
517,553-67-8366,Olivette,Kem
518,477-89-8083,Ilysa,Grove
519,368-12-8238,Andeee,Duiguid
520,511-02-6012,Rriocard,Vany
521,336-99-8810,Ginevra,Leggett
522,618-72-1273,Leta,Vokins
523,674-43-5198,Fayth,Bettesworth
524,463-17-0149,Hanan,Seint
525,720-49-1675,Sharity,Newton
526,281-21-1519,Kendell,Camillo
527,404-90-4583,Sheila-kathryn,Yorke
528,783-69-5165,Gare,Joslyn
529,123-66-5732,Parry,Farreil
530,596-46-1863,Dyan,McVitie
531,659-22-6002,Kennie,de Zamora
532,260-97-9255,Hodge,Jandel
533,797-57-9223,Delmar,Bracknall
534,602-59-6925,Carey,Kiellor
535,688-54-6325,Portie,Baldetti
536,803-31-0540,Scarface,Buddington
537,225-31-0179,Carolan,Bendixen
538,755-58-8360,Vassili,Woollaston
539,739-47-3466,Ree,Toopin
540,435-17-2325,Svend,Napolione
541,519-44-8000,Shepard,Elwyn
542,634-06-1092,Bekki,Mapston
543,224-11-6947,Henka,Foreman
544,173-46-9800,Faina,Stannion
545,121-19-5665,Idette,Huzzay
546,557-60-3934,Elvis,Phettiplace
547,744-47-5883,Ceil,Pentecust
548,813-67-5882,Cahra,Cuncliffe
549,321-76-5479,Gasper,Studders
550,877-61-7105,Freeman,Beaconsall
551,828-06-6639,Trueman,Dower
552,399-86-6648,Reginauld,Cajkler
553,337-45-0404,Bald,McElrea
554,532-42-1877,Ilene,Brambill
555,414-99-8513,Christy,Kollas
556,764-07-7541,Lyndsay,Dorian
557,396-55-6796,Feodora,Thelwll
558,456-48-5317,Artie,McAree
559,461-26-6673,Cinda,Fiddymont
560,747-41-6844,Jeri,Townshend
561,328-09-6767,Kellby,Lebarree
562,524-07-7300,Kiel,Columbine
563,567-26-4243,Colan,Van T'Hoog
564,585-60-8169,Dianemarie,Bernardoux
565,315-70-0761,Effie,Bellhanger
566,527-57-9927,Laureen,MacTurlough
567,114-85-0698,Eldin,Jewster
568,852-36-7086,Cammy,Glinde
569,576-88-4727,Corey,Sant
570,434-66-6558,Candida,Swyn
571,703-92-1370,Kalindi,Gerrish
572,867-33-7786,Harlin,Padly
573,526-53-5251,Marijn,Lytton
574,853-63-4217,Teodora,Thompson
575,648-28-4268,Kizzee,Glanton
576,453-77-1843,Orson,Coller
577,481-15-0205,Fernandina,de Juares
578,324-83-1471,Leonidas,Lloyds
579,370-09-1305,Kathryn,Sealove
580,833-96-0244,Mort,Gonthard
581,186-01-4908,Celestine,MacGray
582,508-66-6525,Jameson,Cavendish
583,106-03-8352,Meggi,L' Estrange
584,701-57-5317,Kacy,Medhurst
585,483-25-8051,Sheela,Hammerstone
586,621-63-3623,Halsey,Sollime
587,502-87-1671,Cassi,Pegler
588,449-88-5669,Dan,Stovin
589,875-31-7712,Kassia,Olyfat
590,102-91-6218,Gaynor,Caustick
591,630-08-7900,Norbert,Hadenton
592,393-06-7962,Joelly,Thairs
593,270-87-3960,Rainer,Lempke
594,283-30-9112,Josy,Surgeoner
595,370-05-6003,Jaymie,Learoyde
596,809-07-3820,Stesha,Burnsell
597,849-26-2591,Spense,MacRannell
598,795-46-0765,Mindy,Venart
599,449-69-2547,Adoree,Ganley
600,381-18-4531,Sanson,Emanson
601,435-37-7979,Manuel,Petche
602,559-36-0648,Ferris,Eastby
603,366-08-2296,Mirabella,Woodes
604,234-91-6497,Barbara-anne,Harman
605,612-96-0968,Dalston,Philipeaux
606,555-27-9075,Daniela,Stockle
607,747-09-9232,Dyanne,Cartin
608,791-71-8949,Berton,McAline
609,371-66-4681,Maynard,Spadotto
610,672-91-5629,Lauraine,Tomczykowski
611,291-07-7991,Dael,Card
612,778-66-7280,Iggy,Simoncelli
613,400-82-8060,Emmy,Reinmar
614,456-58-5430,Harlen,Elcott
615,578-03-1618,Catlee,Foan
616,223-51-9008,Paige,Bladen
617,554-25-5059,Sunshine,Pickersgill
618,243-37-9191,Rosene,Kunzelmann
619,732-77-7138,Guglielma,Jorcke
620,568-51-0975,Olympia,Downham
621,226-41-9148,Nikki,Schorah
622,320-31-0578,Lazare,Chugg
623,710-88-0486,Web,Yashnov
624,731-82-2792,Lisetta,MacCauley
625,589-50-9041,Jamil,Fairnie
626,281-78-3697,Care,Matzel
627,265-25-3918,Tamma,Tyre
628,284-03-4440,Piggy,Kiltie
629,721-33-3853,Gabrila,Salters
630,547-87-3338,Rita,Colbran
631,106-75-8835,Doralynn,Yele
632,873-04-5821,Javier,Pointon
633,326-47-1631,Anatol,Garms
634,469-59-1133,Ebba,Lawie
635,288-94-4077,Marcus,Twigg
636,411-95-2973,Rebekkah,McCrudden
637,469-31-5288,Juana,Aire
638,740-46-9120,Hadleigh,Frenchum
639,307-12-5116,Suellen,Berkley
640,278-04-1718,Rhoda,Board
641,271-98-7852,Fanya,McManus
642,809-58-8476,Joeann,Kinchington
643,686-44-8558,Quintilla,Friel
644,682-58-2079,Vivianne,Bunner
645,388-82-5237,Kaila,Harbidge
646,126-28-2284,Urban,Cruickshank
647,748-89-1387,Marna,Spittall
648,796-74-7794,Reagen,Fairebrother
649,539-16-3907,Diena,Newnham
650,575-59-7423,Gilbertina,Bartlosz
651,645-33-2596,Konrad,Eastope
652,663-93-7762,Lu,Dring
653,321-92-7251,Ava,Harner
654,725-28-5736,Chrystal,Dampney
655,178-92-5524,Jackqueline,Woolaston
656,827-47-4244,Marjorie,Earnshaw
657,139-20-2419,Seth,Lecordier
658,164-54-6103,Charis,Shivell
659,400-23-5041,Alphonse,Choupin
660,607-13-0265,Ingeborg,Chretien
661,828-22-6558,Daile,Yekel
662,330-26-6945,Lynnette,Thairs
663,443-50-2177,Flin,Clingoe
664,118-28-0221,Cordula,Songest
665,391-52-8617,Bentlee,Bold
666,129-87-9510,Etheline,Sange
667,187-17-9290,Malinda,Erdely
668,635-65-0241,Flss,Cawood
669,139-21-9693,Maryl,Denson
670,568-90-3798,Pollyanna,Mostyn
671,280-40-3318,Staffard,Digwood
672,788-21-6463,Maude,Ivanusyev
673,776-07-1369,Carlo,O' Mullane
674,859-85-8731,Rhys,Choudhury
675,734-69-2832,Camille,Pontin
676,169-95-2957,Georgy,Worsall
677,461-50-7543,Eleen,Standish-Brooks
678,623-66-2278,Vernen,Rhys
679,165-51-6170,Ethel,Tinniswood
680,659-32-1434,Lucienne,Snedker
681,303-70-3323,Abdel,Coultish
682,220-64-1195,Mignon,Penny
683,388-27-9696,Milt,Codron
684,362-28-9206,Emmott,McLorinan
685,453-26-3904,Chantalle,Harse
686,554-36-5606,Catherine,Gervaise
687,599-19-9882,Tannie,Thexton
688,676-16-8974,Sanford,Swannell
689,522-30-3672,Fan,Foote
690,370-56-2521,Perl,Renner
691,239-15-6814,Anne,Muckian
692,471-93-8781,Garfield,Hazeldean
693,411-31-9913,Pail,Costelow
694,760-40-0185,Breanne,Braunston
695,751-20-2231,Aron,Casassa
696,462-58-6107,Meggy,Lavallin
697,245-40-9579,Hallsy,Deere
698,731-82-6612,Lenka,Vispo
699,269-93-1856,Mandy,O'Donnell
700,275-55-1165,Leeanne,Labbet
701,225-74-0023,Lizbeth,Micklewright
702,318-56-3926,Kara-lynn,Twinborne
703,736-44-1477,Pavlov,McCleary
704,153-32-7748,Sissie,Wadge
705,758-99-4772,Roseanna,Wartnaby
706,717-87-0546,Corri,Cornejo
707,605-33-9062,Roda,Rengger
708,531-85-7795,Annabela,Duddell
709,189-57-0780,Padgett,Peinton
710,371-46-7222,Cecilia,Shillabeare
711,336-36-6587,Theresita,Strippel
712,398-77-2985,Gert,Oxbrow
713,531-40-2776,Yule,Wooderson
714,488-98-0871,Aubree,Croxon
715,781-68-7583,Rhonda,Sherrott
716,517-86-2977,Gerald,Gainseford
717,243-38-2663,Breena,Andrei
718,279-99-1972,Elle,Churly
719,194-69-5842,Seward,Westbrook
720,655-67-3441,Lombard,Lysaght
721,544-37-2279,Leelah,Gourley
722,533-71-5741,Mehetabel,Izaks
723,511-30-8420,Adrian,Blockey
724,507-26-8969,Fianna,Pulman
725,501-72-5730,Mariele,Baynom
726,600-12-9364,Victoria,Fallawe
727,825-46-6206,Joly,Heeron
728,300-08-1254,Mayne,Lardnar
729,349-07-9770,Eamon,Kalb
730,724-61-0843,Ab,Easterbrook
731,104-45-7394,Terrye,Sheals
732,353-10-2757,Lisle,Bertelmot
733,356-48-3533,Wang,Braiden
734,739-66-0735,Durante,Snowball
735,378-66-3914,Bel,Metterick
736,632-50-9341,Ogden,Wisniewski
737,240-83-2446,Willdon,Abys
738,333-01-4029,Maurizio,Jewess
739,540-35-4449,Rozele,Duckels
740,445-90-6100,Kip,Cato
741,226-83-3478,Blanch,Douch
742,105-32-6458,Valentine,Pettersen
743,229-18-8977,Carroll,Soulsby
744,465-71-0471,Aubree,Bantock
745,767-02-6092,Arlen,Quarrie
746,330-76-6460,Lilith,Sneden
747,518-79-4335,Hadlee,McIlwraith
748,165-78-9400,Marshall,Andreu
749,894-18-2873,Chrissie,Cammacke
750,455-09-5819,Brynne,Meader
751,299-54-8228,Immanuel,Toth
752,504-58-5512,Amabel,Farrington
753,776-40-2133,Abbe,Pretious
754,437-18-7356,Mariska,Sharrock
755,638-43-1591,Petra,Verey
756,160-67-1614,Wanids,Skeel
757,595-77-1732,Terri-jo,Wormleighton
758,562-34-2524,Birgit,Wiggans
759,660-23-0679,Andeee,Tunn
760,570-69-4632,Ethel,Brough
761,162-13-3713,Owen,Romi
762,740-95-0319,Raychel,Tockell
763,824-88-4900,Babs,Benardeau
764,204-27-2128,Adel,Auten
765,610-30-7000,Quill,Gudahy
766,302-96-1912,Jodi,Bewshea
767,278-80-0588,Susan,Durrell
768,356-82-2841,Bartolomeo,Oak
769,661-74-1235,Dall,Kupper
770,586-58-9691,Thedrick,Braunds
771,725-42-0400,Cherie,Spragg
772,125-92-4662,Kellie,Jodkowski
773,880-98-6776,Hyman,Roskrug
774,156-03-4902,Georges,Dawid
775,468-78-0428,Margarethe,Collymore
776,305-06-2616,Emilia,Kyberd
777,776-82-1519,Raddy,Bolle
778,774-29-0658,Engracia,Gunn
779,607-07-7337,Matias,Scrinage
780,703-63-1350,Lyndsay,Gormally
781,882-89-7903,Joaquin,Bitchener
782,337-26-0130,Pail,Emlin
783,585-64-8061,Jere,Fido
784,224-35-3857,Carolann,Kubecka
785,385-59-0482,Lucho,McKinna
786,585-71-4479,Tamarra,Danilin
787,328-17-9140,Jordain,D'Enrico
788,415-54-2719,Marrilee,O'Concannon
789,178-91-8910,Halette,Makey
790,412-64-1947,Rhody,Wyldbore
791,418-52-7358,Valera,Lean
792,899-28-8170,Vanessa,Colter
793,376-88-6777,Jeff,Stonner
794,331-53-4622,Robena,Sewley
795,631-38-6322,Sondra,Bonhan
796,532-22-6803,Tiphani,Floyed
797,581-03-5831,Willetta,Crowden
798,328-83-7254,Quinta,Jouen
799,401-15-7691,Mahala,Huegett
800,509-82-2855,Stacee,Lartice
801,105-55-6931,Lynnell,Stanlack
802,573-13-4632,Brendan,Scowen
803,752-04-1580,Bernadette,McCreagh
804,703-04-6352,Moyna,Peagram
805,467-73-3815,Aggie,Dorgon
806,358-62-0778,Sid,Chinn
807,357-33-1241,Gennie,Woodhall
808,225-37-3048,Pepito,Arnett
809,450-31-5399,Salomon,Greenless
810,854-11-6688,Katinka,Eggins
811,854-05-5548,Estell,Blenkensop
812,222-59-7720,Jacquenette,Brise
813,303-98-8425,Sibeal,Thomasset
814,499-38-6096,Lela,Stachini
815,626-98-6347,Reina,Marrow
816,118-36-5897,Rudolfo,Scoffham
817,509-17-3993,Johanna,Reyner
818,576-57-7252,Ignacio,Leehane
819,351-67-8241,Deeanne,Cheves
820,205-49-3574,Dorisa,Davidsson
821,753-65-0748,Fonzie,Halfpenny
822,482-72-4750,Brett,Lordon
823,877-36-0719,Max,Ollcott
824,792-21-8134,Jody,Samart
825,268-18-7036,Zorana,Hogben
826,393-79-5285,Christine,Fergie
827,630-90-3945,Dani,Jockle
828,185-73-5417,Janot,Nussey
829,848-72-8917,Quentin,Amsden
830,616-68-7094,Samaria,Cogman
831,344-35-2397,Augustine,Cherryman
832,529-93-7734,Hunfredo,Saggers
833,733-96-5085,Ardelia,Extal
834,191-12-6475,Harlin,Downton
835,518-63-0734,Phillie,Matthensen
836,316-83-6158,Chelsae,Probet
837,621-15-3361,Roberto,Lening
838,326-07-2880,Smitty,Jellard
839,329-47-4900,Elvera,Dreossi
840,693-12-7533,Caroline,Lempke
841,719-84-2228,Emelyne,Axtens
842,534-64-9722,Moina,Chezelle
843,231-69-9266,Nevile,Fetters
844,757-18-9877,Vinni,Oliva
845,634-02-5410,Almeria,Donnellan
846,482-75-1702,Wilma,Challener
847,809-26-6291,Bobbie,Ghest
848,273-24-8571,Estrella,Marcu
849,542-91-4365,Janean,Jillitt
850,174-67-1678,Stephanus,MacUchadair
851,217-69-4146,Stoddard,McCauley
852,708-31-6575,Miguel,O' Neligan
853,600-29-5209,Delcine,Davidavidovics
854,221-72-4846,Gilly,Pinard
855,800-02-5788,Priscilla,Wixon
856,125-79-7564,Ainslee,Dameisele
857,681-17-7850,Kaela,Casazza
858,300-71-6786,Rhys,Bowdrey
859,439-09-7342,Alaine,Bagshawe
860,513-40-7859,Joshua,Lartice
861,488-35-9900,Wenona,Callister
862,418-25-9188,Chiquita,Chiles
863,246-15-9399,Nanci,Brockley
864,761-39-7430,Vida,Lantuff
865,439-46-3753,Marcelline,Crecy
866,659-10-5473,Beaufort,Geeritz
867,699-96-6114,Siouxie,McLise
868,491-62-7265,Lorettalorna,Oldridge
869,724-28-5070,Isidora,Grayley
870,888-71-6849,Mathew,Tewkesberrie
871,713-32-7505,Novelia,Burkett
872,372-61-0883,Hastings,Dunnico
873,163-89-2713,Agnes,Westhofer
874,354-38-3265,Nikolos,Le Sieur
875,260-83-4437,Leonardo,Bartelot
876,111-11-8955,Ibrahim,Chilvers
877,859-04-1298,Kristan,Paine
878,398-50-3753,Wynne,Spadollini
879,844-75-6432,Hart,Robillard
880,306-33-7492,Vern,Del Dello
881,565-23-2396,Esteban,Dinse
882,119-35-9571,Anjanette,Karppi
883,407-18-0495,Upton,Lammerts
884,677-65-0708,Mike,Lattie
885,360-88-3584,Gill,Sautter
886,187-66-6042,Therine,Legh
887,487-55-0578,Madelene,Heaseman
888,780-59-8274,Cheri,Fannin
889,814-42-8562,Nicolina,Bickerstaff
890,239-25-3056,Rory,Stoop
891,178-52-1206,Shaughn,Cheine
892,529-55-1428,Cosimo,Allder
893,264-51-4628,Aloise,Bewick
894,104-65-7993,Jessie,Battyll
895,582-41-5974,Jase,Longson
896,751-11-4783,Gabriel,Zorzetti
897,779-15-0295,Lawrence,Lomis
898,735-80-1222,Barnett,Borrows
899,634-65-5239,Graehme,Papez
900,189-05-3718,Shalom,Tremblay
901,101-18-7809,Ardis,Stares
902,776-49-3991,Remus,Banes
903,461-22-0037,Thibaut,Hubbocks
904,214-65-8792,Edgar,Dani
905,405-69-9867,Luise,Wilcock
906,590-09-5589,Gabe,Congrave
907,734-84-8404,Elliott,Crosswaite
908,349-08-5681,Holly,Hercock
909,289-19-8012,Diane,Di Claudio
910,163-90-1819,John,Lezemore
911,411-08-5280,Creight,Le Sieur
912,678-94-2452,Virgie,Belverstone
913,864-50-6918,Ruddy,Fines
914,692-95-9426,Kahlil,Dalliwatr
915,604-36-7665,Eilis,Guyet
916,279-84-0569,Felicity,Ferrer
917,815-47-7062,Sisile,Chinnock
918,305-25-9211,Pansy,Helian
919,101-08-5724,Barris,Guille
920,420-14-6496,Glynnis,Bullant
921,654-46-8569,Mildred,Catenot
922,223-18-1687,Lynde,Franzelini
923,490-27-2232,Rubi,Maestrini
924,892-14-9538,Brandise,Batiste
925,234-62-5651,Giorgio,Pasby
926,495-70-3442,Jaime,Raymond
927,313-56-2874,Sancho,Deeny
928,316-66-2856,Dorri,Griffin
929,687-07-3575,Ambrosius,Baison
930,896-02-0119,Georgeta,Jenckes
931,761-25-5732,Darell,Grimshaw
932,660-45-4296,Cortney,McGuire
933,561-49-6387,Sunny,Seid
934,378-71-7952,Shandra,Clemenzo
935,120-02-7185,Cleavland,Portlock
936,234-65-9094,Shannah,Elfitt
937,301-25-4434,Collin,Grimstead
938,182-32-9507,Nisse,Reay
939,704-55-7614,Heath,Hubbins
940,443-84-9266,Rozalin,McMurraya
941,360-48-3652,Thaddeus,Block
942,185-91-0472,Kimball,Abell
943,695-37-6135,Akim,Ghidetti
944,604-53-6700,Finn,Rushby
945,889-51-5919,Leeann,Muzzi
946,488-07-0389,Sherline,Paynter
947,324-32-2839,Aubree,O'Farris
948,683-36-6585,Emilia,Gillespie
949,185-06-5367,Kakalina,Gravet
950,633-45-3187,Michal,Peat
951,430-23-2635,Alvis,Sandeford
952,757-67-0547,Arleyne,Scates
953,815-64-2531,Horace,Bowdler
954,129-35-6304,Sanson,Szymanowicz
955,757-99-8892,Lurline,Shilling
956,830-59-4000,Rustie,MacAleese
957,562-81-5133,Dorita,Urion
958,484-66-8319,Merissa,Mawtus
959,880-68-7046,Billy,Queenborough
960,895-47-0019,Aurelea,Sancroft
961,574-80-3826,Rod,Artiss
962,690-34-0565,Carrie,Banford
963,315-33-0115,Nedda,Jendrich
964,727-41-2719,Zonda,Cartan
965,303-97-2073,Martguerita,Hamsson
966,112-19-7281,Gustaf,Bools
967,239-97-8734,Eberto,Tull
968,180-12-1770,Emmanuel,Nussey
969,489-23-1562,Gibbie,Birtchnell
970,618-67-5733,Audie,Knappe
971,802-17-5861,Walt,Waterstone
972,762-57-9330,Layton,Grotty
973,425-65-4098,Frederik,Eefting
974,520-83-0110,Kitty,Baversor
975,600-73-3568,Mireille,Hornbuckle
976,180-15-9797,Clim,Noell
977,213-81-9883,Boyce,McKeever
978,394-25-0085,Fabien,Wrightham
979,568-52-5570,Aguie,Thurstan
980,588-09-4572,Urbanus,Floyd
981,108-24-8027,April,Brabban
982,896-59-8856,Isidoro,Kennerknecht
983,798-27-9581,Manya,Delbergue
984,711-88-1706,Bartlet,Yare
985,254-12-4644,Nancee,Musk
986,777-72-4111,Gordan,Poulgreen
987,744-59-1750,Eyde,Petkov
988,562-64-7668,Sybil,Grier
989,768-12-0160,Kathryne,Shawcroft
990,885-49-4929,Cherida,Shoebridge
991,629-39-7527,Inez,Mattocks
992,852-52-2381,Filia,Luckett
993,224-10-4690,Juieta,Garlant
994,479-88-8267,Inger,McKinney
995,346-13-1764,Hobie,Coneybeer
996,816-26-0750,Berta,Huriche
997,683-40-6624,Ida,Houlson
998,526-09-4285,Shanan,Midner
999,851-79-6429,Paten,Raitt
1000,677-75-2114,Raven,Forman
