nombre,codigo postal
Yangjiao,
Salsipuedes,11005
Bulembu,
Brejo Santo,63260-000
Casablanca,
Khóra,
Maizuru,626-0072
Huai Yot,92130
Quchi,
Caomiao,
Komyshuvakha,
Siocon,7120
Saitama,343-0801
Mertert,L-6693
Khanabad,
Volodarka,
Qutun,
Nezamyslice,798 26
Ouaoula,
Los Juríes,3763
Imsil,
Boljoon,6024
Igreja,5100-825
Jiahe,
Rudong,
Turpo,
Gushan,
Vareš,
Bakov nad Jizerou,294 01
La Gacilly,56209 CEDEX
Orhei,MD-3547
Waru,
Vypolzovo,171053
Banjar Pande,
Dukuhtengah,
Belawang,
Banjar Sedang,
Rolante,95690-000
Chatian,
Partizan,301635
Pantai,
São João de Caparica,2825-453
Rennebu,7398
Sobrosa,4580-604
Bollnäs,821 94
Tongjiang,
Shkodër,
Fort Worth,76129
Kyrenia,
Gambut,
Kezileboyi,
Bandar Pusat Jengka,26485
Arboga,732 96
Chabany,
Morropón,
Pandaan,
Thanh Chương,
Boavista,4905-014
Chaka,
Tuanzhou,
Mora,792 27
Sampaloc,4329
Mīāndoāb,
Skołyszyn,38-242
Béja,
Campos do Jordão,12460-000
Ikedachō,779-5166
Devitsa,397815
Mungwi,
Yong’an,
Nankai,
Alung,
Trhové Sviny,374 01
Agassiz,B2E
Emiliano Zapata,30890
Nantou,
Dayangqi,
Xiapu,
Yangwei,
Melipilla,
Cuozheqiangma,
Próchoma,
Tây Đằng,
Alastaro,32441
Savitaipale,54801
Las Toscas,
Ciro Redondo,
Zhongying,
Hongjiang,
Martil,
Sukumo,788-0363
Novovladykino,659436
Los Angeles,90035
Sandweiler,L-5290
Jarānwāla,37281
Evansville,47725
Xiugu,
Meiyuan,
Šoštanj,3325
Sacramento,94297
Labège,31678 CEDEX
Mosty,84-353
Xianrendu,
Hartola,19601
Máncora,
Ligonggang,
Rerawere,
Shangtianba,
Shiqiao,
Miętne,08-420
Неготино,1236
Markova,
Huangnan,
Nancheng,
Bilshivtsi,
Shangdian,
Blois,41965 CEDEX 9
Jince,262 23
Blois,41904 CEDEX 9
Dengyue,
Panitan,5815
Lazarevac,
Mölndal,431 87
Jiazhi,
Balete,5614
Ngulahan,
Ichuña,
Tymoshivka,
Lázně Kynžvart,354 91
Banbalah,
Mosquera,250047
Choushui,
Qingshui,
Bato,6525
Terangun,
Erping,
Glamang,9504
Santa Cruz,30560
Hollola,15880
Litvínovice,370 01
Banjar Jagasatru,
Miaoquan,
Huacrapuquio,
Libacao,5602
Bumirejo,
Saboyá,154617
Paulo Afonso,48600-000
Perth,6817
São Bento do Sul,89290-000
Qianzhou,
Alphen aan den Rijn,2409
Veřovice,742 73
Kambatatamakawu,
Yong’an,
Vällingby,162 50
Krajan Sumurtawang,
Xianxi,
Catac,
Planken,9498
Garça,17400-000
Anyar,
Stąporków,26-220
Baimi,
Cibangban Girang,
Bairro,4620-091
Berkovitsa,3500
Bandhagen,124 64
Kladruby,503 51
Airmolek,
Tugusirna,
Ganyan,
Guabito,
Tapas,5814
Al Jīb,
Santa Catalina,
Bangko,
Guararé,
Pärnu-Jaagupi,
Sukaraja,
Alue Glumpang,
San Pedro,
Zishan,
Sumurnanjung,
Cran-Gevrier,74964 CEDEX
Frolovo,403538
Silago,6607
Bissorã,
Anling,
Mendeleyevsk,423650
Créteil,94009 CEDEX
Zarszyn,38-524
Rungis,94636 CEDEX 1
Szelków,45-559
Schaan,9494
Argayash,456880
Siliana,
Chunhua,
Yanwang,
Koror Town,
Colotenango,13019
Moss,1536
Florianópolis,88000-000
Americana,13465-000
Birni N Konni,
Huancheng,
Täby,183 55
Tilmi,
He’an,
Huipinggeng,
Ciyun,
Ratchasan,70150
Néos Oropós,
Hannover,30453
Tsovazard,
Danan,
Vavoua,
Gopaan,
Sedinginan,
Votkinsk,427439
Lengkeng,
Bīrganj,
Osório,95520-000
Kawit,4104
Tucdao,6547
Mandaue City,6014
El Limon,39271
Kangmei,
Calçada,4615-467
Husów,37-121
Évry,91914 CEDEX 9
Piotrków Kujawski,88-230
Mulino,606083
Kharabali,416010
Níkaia,
Tahala,
Kameoka,992-0321
Laironja,
Reina Mercedes,3303
Hailin,
Gospić,53000
Tocok,4335
Milanów,21-210
Oslo,0017
Chornoliztsi,
Bergvliet,7945
Jianba,
Nguigmi,
Didi Lilo,
Song’ao,
Saint-Flour,15104 CEDEX
Sūrīān,
Kieta,
Pamarayan,
Tiguha,1610
Tuy Phước,
Kitsuki,873-0001
Leuburi,
Lafayette,70505
Sagay,9103
Klwów,26-415
Kukuna,
Saint-Louis,
Kolbudy,83-050
Dasanlian Lauk,
Chotepe,
Duraykīsh,
Quezon City,5312
Qiying,
Joal-Fadiout,
Akhmīm,
Nama,2437
Hukeng,
Imtarfa,ZBG
Karangpocok,
Bako,
Kavadarci,1430
Al Ḩāmūl,
Vawkavysk,
Santa Cruz del Quiché,14001
Pisan,
Pyatigorsk,357560
Wairinding,
Chuangye,
Gabú,
Bogorejo,
Nanjie,
Shirokovskiy,618284
Springfield,62723
El Paso,88546
Neópolis,49980-000
Paquera,60105
Al Ghandūrah,
Samuhú,3543
Zhuangke,
København,1567
Xinan,
Nīca,
Xêgar,
Sukowidodo Barat,
Cereté,230559
El Bálsamo,
Ruse,7000
Saint-Priest,69794 CEDEX
Sabaneta,
Slobidka,
Hamilton,45020
Pataypampa,
Monywa,
Kaga Bandoro,
Żernica,44-144
Krzyżanowice,47-450
Qingtang,
Chartres,28901 CEDEX 9
Jalupang Dua,
Monte,4640-340
Yidu,
Cergy-Pontoise,95061 CEDEX 1
Chengjiang,
Sidon,
Bački Breg,
Estrela,95880-000
Maki,959-1748
Magtaking,2416
Minyue,
Old Kilcullen,R56
Hrádek,739 97
Landvetter,438 21
Ituberá,45435-000
Ditsaan,9714
Oslo,0664
Gucun,
Vilar,4960-010
Arras,62004 CEDEX
Luzhou,
Ipoh,30902
Solna,169 50
Cermee,
Mashan,
Oumiao,
Abbottābād,22501
Mombok,
Changping,
Yingtou,
Kirawsk,
Sabang,4323
Bang Ban,13250
Liubo,
El Arañado,5947
Gradec,1236
Paruro,
Erdaobaihe,
Rutul,368700
Bungalaleng,
Iiyama,389-2253
Resplendor,35230-000
Dededo Village,96928
Ramain,9713
Tsivil’sk,429905
Mogwase,0398
Seredka,188422
Dunhua,
Providencia,880028
Aygepat,
Baitang,
Damulog,8721
Kula,3818
Marinhais,2125-106
Xingren,
Beijie,
Smiltene,
Kandhkot,79160
Whitwell,DL10
Al Faḩāḩīl,
Tipitapa,
Lužani,35257
Villa Santa Rita,4600
Curvelo,35790-000
Bektemir,
Créteil,94972 CEDEX 9
San Miguel del Padrón,
Yecun,
Motong,
Chuquitira,
Walakeri,
Liangkou,
Nouâdhibou,
Huangqiang,
Tarrafal,
Konosha,164010
Alarobia,
Penanggal,
Rodotópi,
Talagasari,
Pyongyang,
Bejsce,28-512
Cotabambas,
Villa La Angostura,8407
Ozerne,
København,1470
Zhaolingpu,
Kuala Lumpur,50762
Ridder,
Esmoriz,3885-395
Nailung,
Ccuntuma,
Tampere,33901
Bāqim as Sūq,
Sabanalarga,855058
Bålsta,746 40
Gorbunki,188502
Baabda,
Pithári,
Harembo,
Boulder,80305
Munturkaju,
Tojal,4620-931
Itaí,18730-000
Asnières-sur-Seine,92665 CEDEX
Weyburn,S4H
Xiugu,
Pajannangger,
El Bálsamo,
Fuchang,
Maromitsa,613840
Astromil,4585-794
Fushan,
Bello,051059
Khagrachhari,7407
Mulhouse,68947 CEDEX 9
Adigeni,
Maglajani,
Su-dong,
Pasirsongket Dua,
Mascote,45870-000
Ekpoma,
Alkmaar,1819
Masantol,2017
Zhen’an,
Karangdalam,
Maastricht,6224
Annaka,379-0116
Konibodom,
Biritiba Mirim,08940-000
Passagem,2430-632
Balitai,
Kobylanka,73-108
Ciakar,
Diadema,09900-000
Olyka,
Cimuncang,
Chalamarca,
Troitsk,142191
Oefatu,
Krajan,
Velagići,
Täby,183 60
Longgang,
Mursaba,
Viedma,8500
Wringinsari,
Dallas,75323
Carig,3503
Zhengcun,
Žďár nad Sázavou Druhy,592 11
Meiktila,
Kunheda Woerzu Manzu,
La Broquerie,L2G
Skövde,541 45
Dengjia,
Ciudad Ojeda,
Recreio,36740-000
Seget,
Villa La Angostura,8407
Kaavi,73601
Yungay,
Uzlovaya,301649
Poiares,5180-344
Soroti,
Neuilly-sur-Marne,93335 CEDEX
Bahía Honda,
Colorado,99460-000
Sinarbakti,
Silver Spring,20910
Vallentuna,186 53
Altkirch,68134 CEDEX
Araxá,38180-000
Mingzhong,
Jianyangping,
Ganting,
Ewirgol,
Al Marsá,
Santa Cruz,5400-674
Kowŏn-ŭp,
Gävle,802 66
São Sebastião,4990-640
Hannō,357-0211
Tigil’,688600
Longsheng,
Wudian,
Santa Elena,
Grazhdanka,692327
Tosu,841-0205
Awjilah,
Créteil,94024 CEDEX
Were,
Huoshaodian,
Lamía,
Jiling,
Chok Chai,30190
Nu’erbage,
Dalsjöfors,516 81
Glondong,
Sundumbili,9334
Panshan,
Zelenogorsk,663694
Admiralteisky,190990
Strasbourg,67975 CEDEX 9
Karangarjo,
Kuangshan,
Ash Shaddādah,
Thị Trấn Nguyên Bình,
Vilya,607040
Podedwórze,21-222
Yuandianhui,
Probolinggo,
Huari,
Parang,9604
Xiangfu,
Kallithéa,
Vallentuna,186 96
Venado Tuerto,2600
Ungca,5004
Taradale,4183
Itaberaí,76630-000
Gwadabawa,
Osiedle-Nowiny,93-154
Mengzhai,
Castro,84160-000
Zhuanqiang,
Koina,
El Quetzal,12020
Khombole,
Betong,95110
Plyussa,181000
Seixal,2530-254
Indang,4122
Krasnotorka,
Odivelas,7900-374
Tororo,
Swan Hills,L2T
Lipov,696 72
Cisek,47-253
Ban Selaphum,51130
Quinta do Sobrado,2440-176
Cemplang,
Noginsk-9,141146
Estreito,65975-000
Staraya Ladoga,187412
Panchagarh,8530
Ti-n-Essako,
Quchanghī,
Valence,26953 CEDEX 9
Sangiyn Dalay,
Staré Město,788 32
San Rafael Petzal,13028
Seminole,34642
Wairinding,
Hollywood,33023
Chelles,77504 CEDEX
Rabig,
Gongdao,
Dianshui,
Sabadell,08204
Banjar Pasekan,
San Bernardo,3328
Nusajaya,79503
Razvanje,2313
Vršac,
Nashtā Rūd,
Kahuripan,
Dhī Nā‘im,
Broby,39410
Nong Ki,31210
Zapolyarnyy,184433
Bojano,84-208
Skhodnitsa,
Ramadi,
Bontang Baru,
El Sombrero,
Tyazhinskiy,652240
Tangwei,
Xinjiezi,
Fosca,251837
Kamenka,241011
Guli,
Avignon,84007 CEDEX 1
Wan Yai,49150
Gutang,
Chenqing,
Liqi,
Kampen (Overijssel),8264
Shilibu,
Wuyun,
Tlogowetan,
Rozsypne,
Tukbur,
Fonte Boa,69670-000
Gyigang,
Xiadu,
Jianggang,
Tamaulipas,89060
Leskolovo,188668
Dapdap,8305
Chimbote,
Lugar Novo,4820-013
Cunliji,
Emplak,
Leuwidamar,
Yangqiao,
Odolanów,63-430
Fort Dauphin,
Alchevs’k,
Frösön,832 93
Pantin,93691 CEDEX
Novokuz’minki,173509
Balazar,4805-005
Lamut,3605
Kafr Sawm,
Botshabelo,9789
Takanabe,889-1404
Ciburial,
Dzyatlava,
Stará Paka,507 91
Likupang,
Ribeirão Preto,14000-000
Campos Belos,73840-000
Nagano-shi,389-1227
Quitilipi,3530
Izyaslav,
San Rafael,5039
Qishn,
Mangere,2154
Orichi,613603
Vyborg,188919
Canguçu,96600-000
Yuanling,
Bukbatang,
Ozorków,95-036
Nagano-shi,389-1227
Chengtian,
Guantouzui,
Tagog,
Tuochuan,
Kotovsk,393194
Jīroft,
Ash Shajarah,
Simbal,
Danirai,
Bislig,8311
Huangtang,
Muaratiga,
Pereyaslav-Khmel’nyts’kyy,
Novi Itebej,
Kyzylorda,
Miguelópolis,14530-000
Vyksa,607069
Tegalrejo,
Majagual,11604
Kopong,
Simpanganduwet,
Junchuan,
Goiânia,74000-000
Monte de Fralães,4775-174
Kpalimé,
Reims,51054 CEDEX
"Las Vegas, Santa Barbara",
Thị Trấn Yên Cát,
Jiuguan,
Huambo,
Albuera,6542
Jidd Ḩafş,
Ratilangi,
Moba,
Nantes,44933 CEDEX 9
Medveditskiy,403772
Lansing,48930
Luofang,
L'Aigle,61304 CEDEX
Vilémov,783 22
Yanweigang,
Siemiatycze,17-301
Aguada de Pasajeros,
Cikarang,
Nowy Sącz,33-320
Songgai,
Huanggang,
Lavradio,2435-362
Dollard-Des Ormeaux,H9P
Mandalgovi,
Cahuacho,
Shangzhuang,
Bontoc,6604
Miaoqian,
Bantacan,8110
Cikaduen,
Kamieniec Wrocławski,55-002
Banjar Dukuh,
Calatrava,6126
Tiên Phước,
Al Qaryatayn,
Thiès Nones,
Fudian,
El Nido,5313
Bagiktinggang,
Kamimaruko,386-0404
Solnechnogorsk,141508
Los Santos,684009
Calvário,4820-449
Temaiku Village,
Erping,
Danirai,
Lakki Marwat,28420
Knyaze-Volkonskoye,658693
Taoyuan,
Baishi,
Lensk,678149
Lembung Tengah,
Jambesari,
Växjö,352 44
Närpes,64210
Xuanma,
Pedinó,
Paris 19,75949 CEDEX 19
Plataran,
Calinaoan Malasin,3700
São Julião do Tojal,2660-363
Svoge,2287
Foz do Iguaçu,85850-000
Sartana,
Pianbai,
Palkovice,739 41
Gizel’,363125
Lyudinovo,249406
Liuli,
Lyon,69303 CEDEX 07
Sukhobezvodnoye,606640
Hudong,
Victoria West,7071
Cancas,
Ulset,5119
Diourbel,
Banghai,
Isla,4337
Medalem,
Wuluquele,
Podolí,756 44
Belfort,90009 CEDEX
Woha,
Jaen,23005
Bol’shoy Karay,412334
São Sebastião,4990-640
Padangcermin,
Ágios Spyrídon,
Abhar,
Babakanjaya,
Lapuan,3015
Vanáton,
Kowala,26-680
Komi,
Itacarambi,39470-000
Amarillo,79165
Matiguás,
Xinglongchang,
Chotcza,81-035
San Vicente Pacaya,05012
Luxor,
Monte Santo de Minas,37958-000
Tân Trụ,
Haveluloto,
Puck,84-100
Yamethin,
Gryfino,74-101
Anse Royale,
Dongshui,
Indianapolis,46202
Machalí,
Cikondang,
Lérida,731027
Vrtojba,5291
Pondokwungu,
Johor Bahru,81310
Nantes,44019 CEDEX 1
Chirkey,368219
Kramators’k,
Lembursawah,
Gangsha,
Concord,L4K
Huanghuatan,
Qingfa,
Kubangkondanglapangan,
Kushtia,7052
Föglö,22710
Kegeyli Shahar,
Kaytitinga,4901
Glagahdowo,
Lian’an,
Nevesinje,
Esquina,5131
Baishigou,
Sainte-Adèle,J8B
Bački Petrovac,
Poitiers,86054 CEDEX 9
Dadiya,
Dugulubgey,361538
Poste de Flacq,
Sobral,4990-585
Limatambo,
Gračac,23440
Tak,63000
Bosaso,
Tullinge,146 40
Santa Teresa,5717
Norzagaray,3013
Xianghua,
Embalse,5856
San Jose,95643
Oehala,
Long Xuyên,
Al Hoceïma,
Нераште,1225
Kurlovo,601570
Maba,
Nianqiao,
Kawaliwu,
Gonzalo,11404
Turku,20960
Axioúpoli,
Pueblo Nuevo,
Cernay,68704 CEDEX
Sincé,056450
Quaraí,97560-000
Tobol,
Strzyżowice,42-575
Little Rock,72209
Khlong Sam Wa,10240
Babahoyo,
Nanzhao,
Uppsala,757 54
Songkhla,30280
Qiawan,
Florentino Ameghino,9113
Tucheng,
Cimuncang,
Chaniá,
Jinan-gun,
Nam Khun,34260
Pantang,
Voskehask,
Essang,
Antonio Toledo Corro,82153
Lovisa,94800
Birinci Aşıqlı,
Ivatsevichy,
Jakubowice Murowane,21-003
Hernández,3156
El Paso,88519
La Cocha,4162
Candi,
Bhamo,
Ifon,
Santana de Parnaíba,06500-000
Huiyi,
Zhanghua,
Gorbatov,606125
Isesaki,321-4342
Gävle,801 33
Santa Elena,30807
Jishan,
Ergong,
Chapimarca,
Brumado,46100-000
Angered,424 55
Yabēlo,
Manyana,
Haoguantun,
Dajanrurung,
Krasnokholmskiy,452857
Machikou,
Gort,D10
Krajan Satu,
Tenja,31207
San Vicente,6419
Arrepiado,2140-605
Kadubincarung,
Megalochórion,
Siedliska,38-324
Sinilian First,2509
Oslo,0472
Sakurai,839-1301
Sîngerei,MD-6227
Cipanas,
Chotcza,81-035
Sa Kaeo,45250
Masjed Soleymān,
Belung Satu,
Yangfang,
Yintang,
Norak,
Ust-Kamenogorsk,
Garisul,
Nesterovskaya,386250
Berlin,14199
Caijiagang,
Groningen,9730
Tanggung,
Presidencia Roque Sáenz Peña,5444
Sylvan Lake,T4S
Shanghang,
Miaojie,
Al Azraq ash Shamālī,
Pokrovskoye-Streshnëvo,652261
Longsheng,
Perugia,06124
Toguchin,633456
Burgeo,N9A
Dok Kham Tai,56120
Srostki,659375
Boden,961 73
Paris 12,75604 CEDEX 12
Skalbmierz,28-530
Wāling,
San Cristobal,36800
Skellefteå,931 57
Nesterovskaya,386250
Helixi,
Kurmanayevka,461069
Santa Ana,17007
Abuochiche,
Masvingo,
Bamusso,
Tchaourou,
Jiaoyang,
Shanglian,
Ongabelen,
Salmi,186822
Petrovo-Dal’neye,143422
Sahnaiya,
Stockholm,113 03
Krajan Tegalombo,
Itapema,88220-000
San Pedro,11905
Castanheira,4615-310
Milltown,D04
Sanhe,
Kaleybar,
Yanglinshi,
Norton,
Niebylec,38-114
Buutuo,
Vorontsovka,353664
Dangjiaxian,
Wako,354-0046
Alto Río Senguer,9033
Gununganyartambak Tengah,
Hangu,63001
Jequié,45200-000
Penco,
Niterói,24000-000
Krasnyy Oktyabr’,601974
Jiangjiazui,
Gaojiazhuang,
Duas Igrejas,3700-819
Celso Ramos,88598-000
Nagbalaye,3316
Aix-en-Provence,13540
Huangliang,
Mingora,19130
Zhongxing,
Feni,8700
Samal,2113
Belköl,
Pļaviņas,
Qianshan,
Bayan,
Nizhniy Novgorod,603098
Xunzhai,
Alcalá,762047
Aksarka,629620
Plessisville,G6L
Zhitan,
Timmins,P4P
Ruoqiang,
Nedašov,763 32
Luofang,
Jardim,79240-000
Jiangkou,
Raub,27620
Skrwilno,87-510
Brodek u Přerova,751 03
Paraguaçu,37120-000
